2026-08-26T09:04:05.399+08:00  INFO 21600 --- [palm-lawyer-backend] [main] com.palmlawyer.PalmLawyerApplication     : Starting PalmLawyerApplication v1.0.0-SNAPSHOT using Java 21.0.12.1 with PID 21600 (D:\ruanjian\zsls\backend\target\palm-lawyer-backend-1.0.0-SNAPSHOT.jar started by 77161 in D:\ruanjian\zsls\backend)
2026-08-26T09:04:05.402+08:00 DEBUG 21600 --- [palm-lawyer-backend] [main] com.palmlawyer.PalmLawyerApplication     : Running with Spring Boot v4.1.1, Spring v7.0.9
2026-08-26T09:04:05.404+08:00  INFO 21600 --- [palm-lawyer-backend] [main] com.palmlawyer.PalmLawyerApplication     : No active profile set, falling back to 1 default profile: "default"
2026-08-26T09:04:06.484+08:00  INFO 21600 --- [palm-lawyer-backend] [main] o.s.boot.tomcat.TomcatWebServer          : Tomcat initialized with port 8080 (http)
2026-08-26T09:04:06.497+08:00  INFO 21600 --- [palm-lawyer-backend] [main] o.apache.catalina.core.StandardService   : Starting service [Tomcat]
2026-08-26T09:04:06.498+08:00  INFO 21600 --- [palm-lawyer-backend] [main] o.apache.catalina.core.StandardEngine    : Starting Servlet engine: [Apache Tomcat/11.0.24]
2026-08-26T09:04:06.521+08:00  INFO 21600 --- [palm-lawyer-backend] [main] b.w.c.s.WebApplicationContextInitializer : Root WebApplicationContext: initialization completed in 1071 ms
2026-08-26T09:04:06.579+08:00  WARN 21600 --- [palm-lawyer-backend] [main] ConfigServletWebServerApplicationContext : Exception encountered during context initialization - cancelling refresh attempt: org.springframework.beans.factory.UnsatisfiedDependencyException: Error creating bean with name 'evidenceAdvisor' defined in URL [jar:nested:/D:/ruanjian/zsls/backend/target/palm-lawyer-backend-1.0.0-SNAPSHOT.jar/!BOOT-INF/classes/!/com/palmlawyer/agent/EvidenceAdvisor.class]: Unsatisfied dependency expressed through constructor parameter 0: Error creating bean with name 'domainPluginLoader': Unsatisfied dependency expressed through field 'resourceResolver': No qualifying bean of type 'org.springframework.core.io.support.PathMatchingResourcePatternResolver' available: expected at least 1 bean which qualifies as autowire candidate. Dependency annotations: {@org.springframework.beans.factory.annotation.Autowired(required=true)}
2026-08-26T09:04:06.582+08:00  INFO 21600 --- [palm-lawyer-backend] [main] o.apache.catalina.core.StandardService   : Stopping service [Tomcat]
2026-08-26T09:04:06.596+08:00  INFO 21600 --- [palm-lawyer-backend] [main] .s.b.a.l.ConditionEvaluationReportLogger : 

Error starting ApplicationContext. To display the condition evaluation report re-run your application with 'debug' enabled.
2026-08-26T09:04:06.610+08:00 ERROR 21600 --- [palm-lawyer-backend] [main] o.s.b.d.LoggingFailureAnalysisReporter   : 

***************************
APPLICATION FAILED TO START
***************************

Description:

Field resourceResolver in com.palmlawyer.service.infra.plugin.DomainPluginLoader required a bean of type 'org.springframework.core.io.support.PathMatchingResourcePatternResolver' that could not be found.


Action:

Consider defining a bean of type 'org.springframework.core.io.support.PathMatchingResourcePatternResolver' in your configuration.

2026-08-26T09:05:18.047+08:00  INFO 17048 --- [palm-lawyer-backend] [main] com.palmlawyer.PalmLawyerApplication     : Starting PalmLawyerApplication v1.0.0-SNAPSHOT using Java 21.0.12.1 with PID 17048 (D:\ruanjian\zsls\backend\target\palm-lawyer-backend-1.0.0-SNAPSHOT.jar started by 77161 in D:\ruanjian\zsls\backend)
2026-08-26T09:05:18.050+08:00 DEBUG 17048 --- [palm-lawyer-backend] [main] com.palmlawyer.PalmLawyerApplication     : Running with Spring Boot v4.1.1, Spring v7.0.9
2026-08-26T09:05:18.051+08:00  INFO 17048 --- [palm-lawyer-backend] [main] com.palmlawyer.PalmLawyerApplication     : No active profile set, falling back to 1 default profile: "default"
2026-08-26T09:05:19.134+08:00  INFO 17048 --- [palm-lawyer-backend] [main] o.s.boot.tomcat.TomcatWebServer          : Tomcat initialized with port 8080 (http)
2026-08-26T09:05:19.147+08:00  INFO 17048 --- [palm-lawyer-backend] [main] o.apache.catalina.core.StandardService   : Starting service [Tomcat]
2026-08-26T09:05:19.148+08:00  INFO 17048 --- [palm-lawyer-backend] [main] o.apache.catalina.core.StandardEngine    : Starting Servlet engine: [Apache Tomcat/11.0.24]
2026-08-26T09:05:19.170+08:00  INFO 17048 --- [palm-lawyer-backend] [main] b.w.c.s.WebApplicationContextInitializer : Root WebApplicationContext: initialization completed in 1067 ms
2026-08-26T09:05:19.229+08:00  INFO 17048 --- [palm-lawyer-backend] [main] c.p.s.infra.plugin.DomainPluginLoader    : 找到 1 个领域插件文件
2026-08-26T09:05:19.230+08:00 ERROR 17048 --- [palm-lawyer-backend] [main] c.p.s.infra.plugin.DomainPluginLoader    : 加载插件失败: labor-dispute.yaml

while scanning for the next token
found character '`' that cannot start any token. (Do not use ` for indentation)
 in 'reader', line 2, column 1:
    ```yaml
    ^

	at org.yaml.snakeyaml.scanner.ScannerImpl.fetchMoreTokens(ScannerImpl.java:445) ~[snakeyaml-2.2.jar!/:na]
	at org.yaml.snakeyaml.scanner.ScannerImpl.checkToken(ScannerImpl.java:238) ~[snakeyaml-2.2.jar!/:na]
	at org.yaml.snakeyaml.parser.ParserImpl$ParseImplicitDocumentStart.produce(ParserImpl.java:210) ~[snakeyaml-2.2.jar!/:na]
	at org.yaml.snakeyaml.parser.ParserImpl.peekEvent(ParserImpl.java:161) ~[snakeyaml-2.2.jar!/:na]
	at org.yaml.snakeyaml.parser.ParserImpl.checkEvent(ParserImpl.java:152) ~[snakeyaml-2.2.jar!/:na]
	at org.yaml.snakeyaml.composer.Composer.getSingleNode(Composer.java:156) ~[snakeyaml-2.2.jar!/:na]
	at org.yaml.snakeyaml.constructor.BaseConstructor.getSingleData(BaseConstructor.java:178) ~[snakeyaml-2.2.jar!/:na]
	at org.yaml.snakeyaml.Yaml.loadFromReader(Yaml.java:493) ~[snakeyaml-2.2.jar!/:na]
	at org.yaml.snakeyaml.Yaml.load(Yaml.java:434) ~[snakeyaml-2.2.jar!/:na]
	at com.palmlawyer.service.infra.plugin.DomainPluginLoader.load(DomainPluginLoader.java:37) ~[!/:1.0.0-SNAPSHOT]
	at java.base/jdk.internal.reflect.DirectMethodHandleAccessor.invoke(DirectMethodHandleAccessor.java:103) ~[na:na]
	at java.base/java.lang.reflect.Method.invoke(Method.java:580) ~[na:na]
	at org.springframework.beans.factory.annotation.InitDestroyAnnotationBeanPostProcessor$LifecycleMethod.invoke(InitDestroyAnnotationBeanPostProcessor.java:453) ~[spring-beans-7.0.9.jar!/:7.0.9]
	at org.springframework.beans.factory.annotation.InitDestroyAnnotationBeanPostProcessor$LifecycleMetadata.invokeInitMethods(InitDestroyAnnotationBeanPostProcessor.java:397) ~[spring-beans-7.0.9.jar!/:7.0.9]
	at org.springframework.beans.factory.annotation.InitDestroyAnnotationBeanPostProcessor.postProcessBeforeInitialization(InitDestroyAnnotationBeanPostProcessor.java:217) ~[spring-beans-7.0.9.jar!/:7.0.9]
	at org.springframework.beans.factory.support.AbstractAutowireCapableBeanFactory.applyBeanPostProcessorsBeforeInitialization(AbstractAutowireCapableBeanFactory.java:426) ~[spring-beans-7.0.9.jar!/:7.0.9]
	at org.springframework.beans.factory.support.AbstractAutowireCapableBeanFactory.initializeBean(AbstractAutowireCapableBeanFactory.java:1807) ~[spring-beans-7.0.9.jar!/:7.0.9]
	at org.springframework.beans.factory.support.AbstractAutowireCapableBeanFactory.doCreateBean(AbstractAutowireCapableBeanFactory.java:603) ~[spring-beans-7.0.9.jar!/:7.0.9]
	at org.springframework.beans.factory.support.AbstractAutowireCapableBeanFactory.createBean(AbstractAutowireCapableBeanFactory.java:525) ~[spring-beans-7.0.9.jar!/:7.0.9]
	at org.springframework.beans.factory.support.AbstractBeanFactory.lambda$doGetBean$0(AbstractBeanFactory.java:333) ~[spring-beans-7.0.9.jar!/:7.0.9]
	at org.springframework.beans.factory.support.DefaultSingletonBeanRegistry.getSingleton(DefaultSingletonBeanRegistry.java:371) ~[spring-beans-7.0.9.jar!/:7.0.9]
	at org.springframework.beans.factory.support.AbstractBeanFactory.doGetBean(AbstractBeanFactory.java:331) ~[spring-beans-7.0.9.jar!/:7.0.9]
	at org.springframework.beans.factory.support.AbstractBeanFactory.getBean(AbstractBeanFactory.java:201) ~[spring-beans-7.0.9.jar!/:7.0.9]
	at org.springframework.beans.factory.config.DependencyDescriptor.resolveCandidate(DependencyDescriptor.java:229) ~[spring-beans-7.0.9.jar!/:7.0.9]
	at org.springframework.beans.factory.support.DefaultListableBeanFactory.doResolveDependency(DefaultListableBeanFactory.java:1769) ~[spring-beans-7.0.9.jar!/:7.0.9]
	at org.springframework.beans.factory.support.DefaultListableBeanFactory.resolveDependency(DefaultListableBeanFactory.java:1658) ~[spring-beans-7.0.9.jar!/:7.0.9]
	at org.springframework.beans.factory.support.ConstructorResolver.resolveAutowiredArgument(ConstructorResolver.java:912) ~[spring-beans-7.0.9.jar!/:7.0.9]
	at org.springframework.beans.factory.support.ConstructorResolver.createArgumentArray(ConstructorResolver.java:791) ~[spring-beans-7.0.9.jar!/:7.0.9]
	at org.springframework.beans.factory.support.ConstructorResolver.autowireConstructor(ConstructorResolver.java:240) ~[spring-beans-7.0.9.jar!/:7.0.9]
	at org.springframework.beans.factory.support.AbstractAutowireCapableBeanFactory.autowireConstructor(AbstractAutowireCapableBeanFactory.java:1380) ~[spring-beans-7.0.9.jar!/:7.0.9]
	at org.springframework.beans.factory.support.AbstractAutowireCapableBeanFactory.createBeanInstance(AbstractAutowireCapableBeanFactory.java:1219) ~[spring-beans-7.0.9.jar!/:7.0.9]
	at org.springframework.beans.factory.support.AbstractAutowireCapableBeanFactory.doCreateBean(AbstractAutowireCapableBeanFactory.java:565) ~[spring-beans-7.0.9.jar!/:7.0.9]
	at org.springframework.beans.factory.support.AbstractAutowireCapableBeanFactory.createBean(AbstractAutowireCapableBeanFactory.java:525) ~[spring-beans-7.0.9.jar!/:7.0.9]
	at org.springframework.beans.factory.support.AbstractBeanFactory.lambda$doGetBean$0(AbstractBeanFactory.java:333) ~[spring-beans-7.0.9.jar!/:7.0.9]
	at org.springframework.beans.factory.support.DefaultSingletonBeanRegistry.getSingleton(DefaultSingletonBeanRegistry.java:371) ~[spring-beans-7.0.9.jar!/:7.0.9]
	at org.springframework.beans.factory.support.AbstractBeanFactory.doGetBean(AbstractBeanFactory.java:331) ~[spring-beans-7.0.9.jar!/:7.0.9]
	at org.springframework.beans.factory.support.AbstractBeanFactory.getBean(AbstractBeanFactory.java:196) ~[spring-beans-7.0.9.jar!/:7.0.9]
	at org.springframework.beans.factory.support.DefaultListableBeanFactory.instantiateSingleton(DefaultListableBeanFactory.java:1225) ~[spring-beans-7.0.9.jar!/:7.0.9]
	at org.springframework.beans.factory.support.DefaultListableBeanFactory.preInstantiateSingleton(DefaultListableBeanFactory.java:1191) ~[spring-beans-7.0.9.jar!/:7.0.9]
	at org.springframework.beans.factory.support.DefaultListableBeanFactory.preInstantiateSingletons(DefaultListableBeanFactory.java:1121) ~[spring-beans-7.0.9.jar!/:7.0.9]
	at org.springframework.context.support.AbstractApplicationContext.finishBeanFactoryInitialization(AbstractApplicationContext.java:994) ~[spring-context-7.0.9.jar!/:7.0.9]
	at org.springframework.context.support.AbstractApplicationContext.refresh(AbstractApplicationContext.java:621) ~[spring-context-7.0.9.jar!/:7.0.9]
	at org.springframework.boot.web.server.servlet.context.ServletWebServerApplicationContext.refresh(ServletWebServerApplicationContext.java:143) ~[spring-boot-web-server-4.1.1.jar!/:4.1.1]
	at org.springframework.boot.SpringApplication.refresh(SpringApplication.java:756) ~[spring-boot-4.1.1.jar!/:4.1.1]
	at org.springframework.boot.SpringApplication.refreshContext(SpringApplication.java:445) ~[spring-boot-4.1.1.jar!/:4.1.1]
	at org.springframework.boot.SpringApplication.run(SpringApplication.java:321) ~[spring-boot-4.1.1.jar!/:4.1.1]
	at org.springframework.boot.SpringApplication.run(SpringApplication.java:1365) ~[spring-boot-4.1.1.jar!/:4.1.1]
	at org.springframework.boot.SpringApplication.run(SpringApplication.java:1354) ~[spring-boot-4.1.1.jar!/:4.1.1]
	at com.palmlawyer.PalmLawyerApplication.main(PalmLawyerApplication.java:40) ~[!/:1.0.0-SNAPSHOT]
	at java.base/jdk.internal.reflect.DirectMethodHandleAccessor.invoke(DirectMethodHandleAccessor.java:103) ~[na:na]
	at java.base/java.lang.reflect.Method.invoke(Method.java:580) ~[na:na]
	at org.springframework.boot.loader.launch.Launcher.launch(Launcher.java:106) ~[palm-lawyer-backend-1.0.0-SNAPSHOT.jar:1.0.0-SNAPSHOT]
	at org.springframework.boot.loader.launch.Launcher.launch(Launcher.java:64) ~[palm-lawyer-backend-1.0.0-SNAPSHOT.jar:1.0.0-SNAPSHOT]
	at org.springframework.boot.loader.launch.JarLauncher.main(JarLauncher.java:40) ~[palm-lawyer-backend-1.0.0-SNAPSHOT.jar:1.0.0-SNAPSHOT]

2026-08-26T09:05:19.432+08:00 DEBUG 17048 --- [palm-lawyer-backend] [main] c.b.m.core.spi.CompatibleHelper          : Load compatibleSet: com.baomidou.mybatisplus.spring.spi.SpringCompatibleSet@3e5beab5
2026-08-26T09:05:19.480+08:00 DEBUG 17048 --- [palm-lawyer-backend] [main] c.b.m.s.MybatisSqlSessionFactoryBean     : Property 'mapperLocations' was not specified.
2026-08-26T09:05:19.514+08:00  INFO 17048 --- [palm-lawyer-backend] [main] com.zaxxer.hikari.HikariDataSource       : HikariPool-1 - Starting...
2026-08-26T09:05:19.702+08:00  INFO 17048 --- [palm-lawyer-backend] [main] com.zaxxer.hikari.pool.HikariPool        : HikariPool-1 - Added connection conn0: url=jdbc:h2:mem:palm_lawyer user=SA
2026-08-26T09:05:19.703+08:00  INFO 17048 --- [palm-lawyer-backend] [main] com.zaxxer.hikari.HikariDataSource       : HikariPool-1 - Start completed.
2026-08-26T09:05:19.719+08:00  WARN 17048 --- [palm-lawyer-backend] [main] ConfigServletWebServerApplicationContext : Exception encountered during context initialization - cancelling refresh attempt: org.springframework.beans.factory.UnsatisfiedDependencyException: Error creating bean with name 'caseController' defined in URL [jar:nested:/D:/ruanjian/zsls/backend/target/palm-lawyer-backend-1.0.0-SNAPSHOT.jar/!BOOT-INF/classes/!/com/palmlawyer/controller/CaseController.class]: Unsatisfied dependency expressed through constructor parameter 0: Error creating bean with name 'caseService' defined in URL [jar:nested:/D:/ruanjian/zsls/backend/target/palm-lawyer-backend-1.0.0-SNAPSHOT.jar/!BOOT-INF/classes/!/com/palmlawyer/service/CaseService.class]: Unsatisfied dependency expressed through constructor parameter 0: Error creating bean with name 'caseProfileMapper' defined in URL [jar:nested:/D:/ruanjian/zsls/backend/target/palm-lawyer-backend-1.0.0-SNAPSHOT.jar/!BOOT-INF/classes/!/com/palmlawyer/mapper/CaseProfileMapper.class]: Unsatisfied dependency expressed through bean property 'sqlSessionTemplate': Error creating bean with name 'sqlSessionTemplate' defined in class path resource [com/baomidou/mybatisplus/autoconfigure/MybatisPlusAutoConfiguration.class]: Failed to initialize dependency 'dataSourceScriptDatabaseInitializer' of SqlSessionTemplate bean 'sqlSessionTemplate': Error creating bean with name 'dataSourceScriptDatabaseInitializer' defined in class path resource [org/springframework/boot/jdbc/autoconfigure/DataSourceInitializationAutoConfiguration.class]: Failed to execute SQL script statement #1 of class path resource [schema.sql]: CREATE TABLE IF NOT EXISTS app_user ( user_id BIGINT IDENTITY PRIMARY KEY, openid VARCHAR(64) UNIQUE NOT NULL, nickname VARCHAR(128), avatar_url VARCHAR(512), created_at TIMESTAMP DEFAULT CURRENT_TIMESTAMP, updated_at TIMESTAMP DEFAULT CURRENT_TIMESTAMP )
2026-08-26T09:05:19.720+08:00  INFO 17048 --- [palm-lawyer-backend] [main] com.zaxxer.hikari.HikariDataSource       : HikariPool-1 - Shutdown initiated...
2026-08-26T09:05:19.721+08:00  INFO 17048 --- [palm-lawyer-backend] [main] com.zaxxer.hikari.HikariDataSource       : HikariPool-1 - Shutdown completed.
2026-08-26T09:05:19.725+08:00  INFO 17048 --- [palm-lawyer-backend] [main] o.apache.catalina.core.StandardService   : Stopping service [Tomcat]
2026-08-26T09:05:19.735+08:00  INFO 17048 --- [palm-lawyer-backend] [main] .s.b.a.l.ConditionEvaluationReportLogger : 

Error starting ApplicationContext. To display the condition evaluation report re-run your application with 'debug' enabled.
2026-08-26T09:05:19.747+08:00 ERROR 17048 --- [palm-lawyer-backend] [main] o.s.boot.SpringApplication               : Application run failed

org.springframework.beans.factory.UnsatisfiedDependencyException: Error creating bean with name 'caseController' defined in URL [jar:nested:/D:/ruanjian/zsls/backend/target/palm-lawyer-backend-1.0.0-SNAPSHOT.jar/!BOOT-INF/classes/!/com/palmlawyer/controller/CaseController.class]: Unsatisfied dependency expressed through constructor parameter 0: Error creating bean with name 'caseService' defined in URL [jar:nested:/D:/ruanjian/zsls/backend/target/palm-lawyer-backend-1.0.0-SNAPSHOT.jar/!BOOT-INF/classes/!/com/palmlawyer/service/CaseService.class]: Unsatisfied dependency expressed through constructor parameter 0: Error creating bean with name 'caseProfileMapper' defined in URL [jar:nested:/D:/ruanjian/zsls/backend/target/palm-lawyer-backend-1.0.0-SNAPSHOT.jar/!BOOT-INF/classes/!/com/palmlawyer/mapper/CaseProfileMapper.class]: Unsatisfied dependency expressed through bean property 'sqlSessionTemplate': Error creating bean with name 'sqlSessionTemplate' defined in class path resource [com/baomidou/mybatisplus/autoconfigure/MybatisPlusAutoConfiguration.class]: Failed to initialize dependency 'dataSourceScriptDatabaseInitializer' of SqlSessionTemplate bean 'sqlSessionTemplate': Error creating bean with name 'dataSourceScriptDatabaseInitializer' defined in class path resource [org/springframework/boot/jdbc/autoconfigure/DataSourceInitializationAutoConfiguration.class]: Failed to execute SQL script statement #1 of class path resource [schema.sql]: CREATE TABLE IF NOT EXISTS app_user ( user_id BIGINT IDENTITY PRIMARY KEY, openid VARCHAR(64) UNIQUE NOT NULL, nickname VARCHAR(128), avatar_url VARCHAR(512), created_at TIMESTAMP DEFAULT CURRENT_TIMESTAMP, updated_at TIMESTAMP DEFAULT CURRENT_TIMESTAMP )
	at org.springframework.beans.factory.support.ConstructorResolver.createArgumentArray(ConstructorResolver.java:804) ~[spring-beans-7.0.9.jar!/:7.0.9]
	at org.springframework.beans.factory.support.ConstructorResolver.autowireConstructor(ConstructorResolver.java:240) ~[spring-beans-7.0.9.jar!/:7.0.9]
	at org.springframework.beans.factory.support.AbstractAutowireCapableBeanFactory.autowireConstructor(AbstractAutowireCapableBeanFactory.java:1380) ~[spring-beans-7.0.9.jar!/:7.0.9]
	at org.springframework.beans.factory.support.AbstractAutowireCapableBeanFactory.createBeanInstance(AbstractAutowireCapableBeanFactory.java:1219) ~[spring-beans-7.0.9.jar!/:7.0.9]
	at org.springframework.beans.factory.support.AbstractAutowireCapableBeanFactory.doCreateBean(AbstractAutowireCapableBeanFactory.java:565) ~[spring-beans-7.0.9.jar!/:7.0.9]
	at org.springframework.beans.factory.support.AbstractAutowireCapableBeanFactory.createBean(AbstractAutowireCapableBeanFactory.java:525) ~[spring-beans-7.0.9.jar!/:7.0.9]
	at org.springframework.beans.factory.support.AbstractBeanFactory.lambda$doGetBean$0(AbstractBeanFactory.java:333) ~[spring-beans-7.0.9.jar!/:7.0.9]
	at org.springframework.beans.factory.support.DefaultSingletonBeanRegistry.getSingleton(DefaultSingletonBeanRegistry.java:371) ~[spring-beans-7.0.9.jar!/:7.0.9]
	at org.springframework.beans.factory.support.AbstractBeanFactory.doGetBean(AbstractBeanFactory.java:331) ~[spring-beans-7.0.9.jar!/:7.0.9]
	at org.springframework.beans.factory.support.AbstractBeanFactory.getBean(AbstractBeanFactory.java:196) ~[spring-beans-7.0.9.jar!/:7.0.9]
	at org.springframework.beans.factory.support.DefaultListableBeanFactory.instantiateSingleton(DefaultListableBeanFactory.java:1225) ~[spring-beans-7.0.9.jar!/:7.0.9]
	at org.springframework.beans.factory.support.DefaultListableBeanFactory.preInstantiateSingleton(DefaultListableBeanFactory.java:1191) ~[spring-beans-7.0.9.jar!/:7.0.9]
	at org.springframework.beans.factory.support.DefaultListableBeanFactory.preInstantiateSingletons(DefaultListableBeanFactory.java:1121) ~[spring-beans-7.0.9.jar!/:7.0.9]
	at org.springframework.context.support.AbstractApplicationContext.finishBeanFactoryInitialization(AbstractApplicationContext.java:994) ~[spring-context-7.0.9.jar!/:7.0.9]
	at org.springframework.context.support.AbstractApplicationContext.refresh(AbstractApplicationContext.java:621) ~[spring-context-7.0.9.jar!/:7.0.9]
	at org.springframework.boot.web.server.servlet.context.ServletWebServerApplicationContext.refresh(ServletWebServerApplicationContext.java:143) ~[spring-boot-web-server-4.1.1.jar!/:4.1.1]
	at org.springframework.boot.SpringApplication.refresh(SpringApplication.java:756) ~[spring-boot-4.1.1.jar!/:4.1.1]
	at org.springframework.boot.SpringApplication.refreshContext(SpringApplication.java:445) ~[spring-boot-4.1.1.jar!/:4.1.1]
	at org.springframework.boot.SpringApplication.run(SpringApplication.java:321) ~[spring-boot-4.1.1.jar!/:4.1.1]
	at org.springframework.boot.SpringApplication.run(SpringApplication.java:1365) ~[spring-boot-4.1.1.jar!/:4.1.1]
	at org.springframework.boot.SpringApplication.run(SpringApplication.java:1354) ~[spring-boot-4.1.1.jar!/:4.1.1]
	at com.palmlawyer.PalmLawyerApplication.main(PalmLawyerApplication.java:40) ~[!/:1.0.0-SNAPSHOT]
	at java.base/jdk.internal.reflect.DirectMethodHandleAccessor.invoke(DirectMethodHandleAccessor.java:103) ~[na:na]
	at java.base/java.lang.reflect.Method.invoke(Method.java:580) ~[na:na]
	at org.springframework.boot.loader.launch.Launcher.launch(Launcher.java:106) ~[palm-lawyer-backend-1.0.0-SNAPSHOT.jar:1.0.0-SNAPSHOT]
	at org.springframework.boot.loader.launch.Launcher.launch(Launcher.java:64) ~[palm-lawyer-backend-1.0.0-SNAPSHOT.jar:1.0.0-SNAPSHOT]
	at org.springframework.boot.loader.launch.JarLauncher.main(JarLauncher.java:40) ~[palm-lawyer-backend-1.0.0-SNAPSHOT.jar:1.0.0-SNAPSHOT]
Caused by: org.springframework.beans.factory.UnsatisfiedDependencyException: Error creating bean with name 'caseService' defined in URL [jar:nested:/D:/ruanjian/zsls/backend/target/palm-lawyer-backend-1.0.0-SNAPSHOT.jar/!BOOT-INF/classes/!/com/palmlawyer/service/CaseService.class]: Unsatisfied dependency expressed through constructor parameter 0: Error creating bean with name 'caseProfileMapper' defined in URL [jar:nested:/D:/ruanjian/zsls/backend/target/palm-lawyer-backend-1.0.0-SNAPSHOT.jar/!BOOT-INF/classes/!/com/palmlawyer/mapper/CaseProfileMapper.class]: Unsatisfied dependency expressed through bean property 'sqlSessionTemplate': Error creating bean with name 'sqlSessionTemplate' defined in class path resource [com/baomidou/mybatisplus/autoconfigure/MybatisPlusAutoConfiguration.class]: Failed to initialize dependency 'dataSourceScriptDatabaseInitializer' of SqlSessionTemplate bean 'sqlSessionTemplate': Error creating bean with name 'dataSourceScriptDatabaseInitializer' defined in class path resource [org/springframework/boot/jdbc/autoconfigure/DataSourceInitializationAutoConfiguration.class]: Failed to execute SQL script statement #1 of class path resource [schema.sql]: CREATE TABLE IF NOT EXISTS app_user ( user_id BIGINT IDENTITY PRIMARY KEY, openid VARCHAR(64) UNIQUE NOT NULL, nickname VARCHAR(128), avatar_url VARCHAR(512), created_at TIMESTAMP DEFAULT CURRENT_TIMESTAMP, updated_at TIMESTAMP DEFAULT CURRENT_TIMESTAMP )
	at org.springframework.beans.factory.support.ConstructorResolver.createArgumentArray(ConstructorResolver.java:804) ~[spring-beans-7.0.9.jar!/:7.0.9]
	at org.springframework.beans.factory.support.ConstructorResolver.autowireConstructor(ConstructorResolver.java:240) ~[spring-beans-7.0.9.jar!/:7.0.9]
	at org.springframework.beans.factory.support.AbstractAutowireCapableBeanFactory.autowireConstructor(AbstractAutowireCapableBeanFactory.java:1380) ~[spring-beans-7.0.9.jar!/:7.0.9]
	at org.springframework.beans.factory.support.AbstractAutowireCapableBeanFactory.createBeanInstance(AbstractAutowireCapableBeanFactory.java:1219) ~[spring-beans-7.0.9.jar!/:7.0.9]
	at org.springframework.beans.factory.support.AbstractAutowireCapableBeanFactory.doCreateBean(AbstractAutowireCapableBeanFactory.java:565) ~[spring-beans-7.0.9.jar!/:7.0.9]
	at org.springframework.beans.factory.support.AbstractAutowireCapableBeanFactory.createBean(AbstractAutowireCapableBeanFactory.java:525) ~[spring-beans-7.0.9.jar!/:7.0.9]
	at org.springframework.beans.factory.support.AbstractBeanFactory.lambda$doGetBean$0(AbstractBeanFactory.java:333) ~[spring-beans-7.0.9.jar!/:7.0.9]
	at org.springframework.beans.factory.support.DefaultSingletonBeanRegistry.getSingleton(DefaultSingletonBeanRegistry.java:371) ~[spring-beans-7.0.9.jar!/:7.0.9]
	at org.springframework.beans.factory.support.AbstractBeanFactory.doGetBean(AbstractBeanFactory.java:331) ~[spring-beans-7.0.9.jar!/:7.0.9]
	at org.springframework.beans.factory.support.AbstractBeanFactory.getBean(AbstractBeanFactory.java:201) ~[spring-beans-7.0.9.jar!/:7.0.9]
	at org.springframework.beans.factory.support.DefaultListableBeanFactory.resolveBean(DefaultListableBeanFactory.java:1232) ~[spring-beans-7.0.9.jar!/:7.0.9]
	at org.springframework.beans.factory.support.DefaultListableBeanFactory.doResolveDependency(DefaultListableBeanFactory.java:1711) ~[spring-beans-7.0.9.jar!/:7.0.9]
	at org.springframework.beans.factory.support.DefaultListableBeanFactory.resolveDependency(DefaultListableBeanFactory.java:1658) ~[spring-beans-7.0.9.jar!/:7.0.9]
	at org.springframework.beans.factory.support.ConstructorResolver.resolveAutowiredArgument(ConstructorResolver.java:912) ~[spring-beans-7.0.9.jar!/:7.0.9]
	at org.springframework.beans.factory.support.ConstructorResolver.createArgumentArray(ConstructorResolver.java:791) ~[spring-beans-7.0.9.jar!/:7.0.9]
	... 26 common frames omitted
Caused by: org.springframework.beans.factory.UnsatisfiedDependencyException: Error creating bean with name 'caseProfileMapper' defined in URL [jar:nested:/D:/ruanjian/zsls/backend/target/palm-lawyer-backend-1.0.0-SNAPSHOT.jar/!BOOT-INF/classes/!/com/palmlawyer/mapper/CaseProfileMapper.class]: Unsatisfied dependency expressed through bean property 'sqlSessionTemplate': Error creating bean with name 'sqlSessionTemplate' defined in class path resource [com/baomidou/mybatisplus/autoconfigure/MybatisPlusAutoConfiguration.class]: Failed to initialize dependency 'dataSourceScriptDatabaseInitializer' of SqlSessionTemplate bean 'sqlSessionTemplate': Error creating bean with name 'dataSourceScriptDatabaseInitializer' defined in class path resource [org/springframework/boot/jdbc/autoconfigure/DataSourceInitializationAutoConfiguration.class]: Failed to execute SQL script statement #1 of class path resource [schema.sql]: CREATE TABLE IF NOT EXISTS app_user ( user_id BIGINT IDENTITY PRIMARY KEY, openid VARCHAR(64) UNIQUE NOT NULL, nickname VARCHAR(128), avatar_url VARCHAR(512), created_at TIMESTAMP DEFAULT CURRENT_TIMESTAMP, updated_at TIMESTAMP DEFAULT CURRENT_TIMESTAMP )
	at org.springframework.beans.factory.support.AbstractAutowireCapableBeanFactory.autowireByType(AbstractAutowireCapableBeanFactory.java:1541) ~[spring-beans-7.0.9.jar!/:7.0.9]
	at org.springframework.beans.factory.support.AbstractAutowireCapableBeanFactory.populateBean(AbstractAutowireCapableBeanFactory.java:1435) ~[spring-beans-7.0.9.jar!/:7.0.9]
	at org.springframework.beans.factory.support.AbstractAutowireCapableBeanFactory.doCreateBean(AbstractAutowireCapableBeanFactory.java:602) ~[spring-beans-7.0.9.jar!/:7.0.9]
	at org.springframework.beans.factory.support.AbstractAutowireCapableBeanFactory.createBean(AbstractAutowireCapableBeanFactory.java:525) ~[spring-beans-7.0.9.jar!/:7.0.9]
	at org.springframework.beans.factory.support.AbstractBeanFactory.lambda$doGetBean$0(AbstractBeanFactory.java:333) ~[spring-beans-7.0.9.jar!/:7.0.9]
	at org.springframework.beans.factory.support.DefaultSingletonBeanRegistry.getSingleton(DefaultSingletonBeanRegistry.java:371) ~[spring-beans-7.0.9.jar!/:7.0.9]
	at org.springframework.beans.factory.support.AbstractBeanFactory.doGetBean(AbstractBeanFactory.java:331) ~[spring-beans-7.0.9.jar!/:7.0.9]
	at org.springframework.beans.factory.support.AbstractBeanFactory.getBean(AbstractBeanFactory.java:201) ~[spring-beans-7.0.9.jar!/:7.0.9]
	at org.springframework.beans.factory.config.DependencyDescriptor.resolveCandidate(DependencyDescriptor.java:229) ~[spring-beans-7.0.9.jar!/:7.0.9]
	at org.springframework.beans.factory.support.DefaultListableBeanFactory.doResolveDependency(DefaultListableBeanFactory.java:1769) ~[spring-beans-7.0.9.jar!/:7.0.9]
	at org.springframework.beans.factory.support.DefaultListableBeanFactory.resolveDependency(DefaultListableBeanFactory.java:1658) ~[spring-beans-7.0.9.jar!/:7.0.9]
	at org.springframework.beans.factory.support.ConstructorResolver.resolveAutowiredArgument(ConstructorResolver.java:912) ~[spring-beans-7.0.9.jar!/:7.0.9]
	at org.springframework.beans.factory.support.ConstructorResolver.createArgumentArray(ConstructorResolver.java:791) ~[spring-beans-7.0.9.jar!/:7.0.9]
	... 40 common frames omitted
Caused by: org.springframework.beans.factory.BeanCreationException: Error creating bean with name 'sqlSessionTemplate' defined in class path resource [com/baomidou/mybatisplus/autoconfigure/MybatisPlusAutoConfiguration.class]: Failed to initialize dependency 'dataSourceScriptDatabaseInitializer' of SqlSessionTemplate bean 'sqlSessionTemplate': Error creating bean with name 'dataSourceScriptDatabaseInitializer' defined in class path resource [org/springframework/boot/jdbc/autoconfigure/DataSourceInitializationAutoConfiguration.class]: Failed to execute SQL script statement #1 of class path resource [schema.sql]: CREATE TABLE IF NOT EXISTS app_user ( user_id BIGINT IDENTITY PRIMARY KEY, openid VARCHAR(64) UNIQUE NOT NULL, nickname VARCHAR(128), avatar_url VARCHAR(512), created_at TIMESTAMP DEFAULT CURRENT_TIMESTAMP, updated_at TIMESTAMP DEFAULT CURRENT_TIMESTAMP )
	at org.springframework.beans.factory.support.AbstractBeanFactory.doGetBean(AbstractBeanFactory.java:322) ~[spring-beans-7.0.9.jar!/:7.0.9]
	at org.springframework.beans.factory.support.AbstractBeanFactory.getBean(AbstractBeanFactory.java:201) ~[spring-beans-7.0.9.jar!/:7.0.9]
	at org.springframework.beans.factory.config.DependencyDescriptor.resolveCandidate(DependencyDescriptor.java:229) ~[spring-beans-7.0.9.jar!/:7.0.9]
	at org.springframework.beans.factory.support.DefaultListableBeanFactory.doResolveDependency(DefaultListableBeanFactory.java:1769) ~[spring-beans-7.0.9.jar!/:7.0.9]
	at org.springframework.beans.factory.support.DefaultListableBeanFactory.resolveDependency(DefaultListableBeanFactory.java:1658) ~[spring-beans-7.0.9.jar!/:7.0.9]
	at org.springframework.beans.factory.support.AbstractAutowireCapableBeanFactory.autowireByType(AbstractAutowireCapableBeanFactory.java:1526) ~[spring-beans-7.0.9.jar!/:7.0.9]
	... 52 common frames omitted
Caused by: org.springframework.beans.factory.BeanCreationException: Error creating bean with name 'dataSourceScriptDatabaseInitializer' defined in class path resource [org/springframework/boot/jdbc/autoconfigure/DataSourceInitializationAutoConfiguration.class]: Failed to execute SQL script statement #1 of class path resource [schema.sql]: CREATE TABLE IF NOT EXISTS app_user ( user_id BIGINT IDENTITY PRIMARY KEY, openid VARCHAR(64) UNIQUE NOT NULL, nickname VARCHAR(128), avatar_url VARCHAR(512), created_at TIMESTAMP DEFAULT CURRENT_TIMESTAMP, updated_at TIMESTAMP DEFAULT CURRENT_TIMESTAMP )
	at org.springframework.beans.factory.support.AbstractAutowireCapableBeanFactory.initializeBean(AbstractAutowireCapableBeanFactory.java:1815) ~[spring-beans-7.0.9.jar!/:7.0.9]
	at org.springframework.beans.factory.support.AbstractAutowireCapableBeanFactory.doCreateBean(AbstractAutowireCapableBeanFactory.java:603) ~[spring-beans-7.0.9.jar!/:7.0.9]
	at org.springframework.beans.factory.support.AbstractAutowireCapableBeanFactory.createBean(AbstractAutowireCapableBeanFactory.java:525) ~[spring-beans-7.0.9.jar!/:7.0.9]
	at org.springframework.beans.factory.support.AbstractBeanFactory.lambda$doGetBean$0(AbstractBeanFactory.java:333) ~[spring-beans-7.0.9.jar!/:7.0.9]
	at org.springframework.beans.factory.support.DefaultSingletonBeanRegistry.getSingleton(DefaultSingletonBeanRegistry.java:371) ~[spring-beans-7.0.9.jar!/:7.0.9]
	at org.springframework.beans.factory.support.AbstractBeanFactory.doGetBean(AbstractBeanFactory.java:331) ~[spring-beans-7.0.9.jar!/:7.0.9]
	at org.springframework.beans.factory.support.AbstractBeanFactory.getBean(AbstractBeanFactory.java:196) ~[spring-beans-7.0.9.jar!/:7.0.9]
	at org.springframework.beans.factory.support.AbstractBeanFactory.doGetBean(AbstractBeanFactory.java:309) ~[spring-beans-7.0.9.jar!/:7.0.9]
	... 57 common frames omitted
Caused by: org.springframework.jdbc.datasource.init.ScriptStatementFailedException: Failed to execute SQL script statement #1 of class path resource [schema.sql]: CREATE TABLE IF NOT EXISTS app_user ( user_id BIGINT IDENTITY PRIMARY KEY, openid VARCHAR(64) UNIQUE NOT NULL, nickname VARCHAR(128), avatar_url VARCHAR(512), created_at TIMESTAMP DEFAULT CURRENT_TIMESTAMP, updated_at TIMESTAMP DEFAULT CURRENT_TIMESTAMP )
	at org.springframework.jdbc.datasource.init.ScriptUtils.executeSqlScript(ScriptUtils.java:293) ~[spring-jdbc-7.0.9.jar!/:7.0.9]
	at org.springframework.jdbc.datasource.init.ResourceDatabasePopulator.populate(ResourceDatabasePopulator.java:254) ~[spring-jdbc-7.0.9.jar!/:7.0.9]
	at org.springframework.jdbc.datasource.init.DatabasePopulatorUtils.execute(DatabasePopulatorUtils.java:54) ~[spring-jdbc-7.0.9.jar!/:7.0.9]
	at org.springframework.boot.jdbc.init.DataSourceScriptDatabaseInitializer.runScripts(DataSourceScriptDatabaseInitializer.java:87) ~[spring-boot-jdbc-4.1.1.jar!/:4.1.1]
	at org.springframework.boot.sql.init.AbstractScriptDatabaseInitializer.runScripts(AbstractScriptDatabaseInitializer.java:159) ~[spring-boot-sql-4.1.1.jar!/:4.1.1]
	at org.springframework.boot.sql.init.AbstractScriptDatabaseInitializer.applyScripts(AbstractScriptDatabaseInitializer.java:120) ~[spring-boot-sql-4.1.1.jar!/:4.1.1]
	at org.springframework.boot.sql.init.AbstractScriptDatabaseInitializer.applySchemaScripts(AbstractScriptDatabaseInitializer.java:109) ~[spring-boot-sql-4.1.1.jar!/:4.1.1]
	at org.springframework.boot.sql.init.AbstractScriptDatabaseInitializer.initializeDatabase(AbstractScriptDatabaseInitializer.java:87) ~[spring-boot-sql-4.1.1.jar!/:4.1.1]
	at org.springframework.boot.sql.init.AbstractScriptDatabaseInitializer.afterPropertiesSet(AbstractScriptDatabaseInitializer.java:77) ~[spring-boot-sql-4.1.1.jar!/:4.1.1]
	at org.springframework.beans.factory.support.AbstractAutowireCapableBeanFactory.invokeInitMethods(AbstractAutowireCapableBeanFactory.java:1862) ~[spring-beans-7.0.9.jar!/:7.0.9]
	at org.springframework.beans.factory.support.AbstractAutowireCapableBeanFactory.initializeBean(AbstractAutowireCapableBeanFactory.java:1811) ~[spring-beans-7.0.9.jar!/:7.0.9]
	... 64 common frames omitted
Caused by: org.h2.jdbc.JdbcSQLSyntaxErrorException: Syntax error in SQL statement "CREATE TABLE IF NOT EXISTS app_user ( user_id BIGINT [*]IDENTITY PRIMARY KEY, openid VARCHAR(64) UNIQUE NOT NULL, nickname VARCHAR(128), avatar_url VARCHAR(512), created_at TIMESTAMP DEFAULT CURRENT_TIMESTAMP, updated_at TIMESTAMP DEFAULT CURRENT_TIMESTAMP )"; expected "ARRAY, INVISIBLE, VISIBLE, NOT NULL, DEFAULT, GENERATED, ON UPDATE, NOT NULL, DEFAULT ON NULL, SEQUENCE, SELECTIVITY, COMMENT, CONSTRAINT, COMMENT, PRIMARY KEY, UNIQUE, NOT NULL, CHECK, REFERENCES, ,, )"; SQL statement:
CREATE TABLE IF NOT EXISTS app_user ( user_id BIGINT IDENTITY PRIMARY KEY, openid VARCHAR(64) UNIQUE NOT NULL, nickname VARCHAR(128), avatar_url VARCHAR(512), created_at TIMESTAMP DEFAULT CURRENT_TIMESTAMP, updated_at TIMESTAMP DEFAULT CURRENT_TIMESTAMP ) [42001-240]
	at org.h2.message.DbException.getJdbcSQLException(DbException.java:514) ~[h2-2.4.240.jar!/:na]
	at org.h2.message.DbException.getJdbcSQLException(DbException.java:489) ~[h2-2.4.240.jar!/:na]
	at org.h2.message.DbException.getSyntaxError(DbException.java:261) ~[h2-2.4.240.jar!/:na]
	at org.h2.command.ParserBase.getSyntaxError(ParserBase.java:762) ~[h2-2.4.240.jar!/:na]
	at org.h2.command.ParserBase.read(ParserBase.java:369) ~[h2-2.4.240.jar!/:na]
	at org.h2.command.ParserBase.readIfMore(ParserBase.java:637) ~[h2-2.4.240.jar!/:na]
	at org.h2.command.Parser.parseCreateTable(Parser.java:8927) ~[h2-2.4.240.jar!/:na]
	at org.h2.command.Parser.parseCreate(Parser.java:6483) ~[h2-2.4.240.jar!/:na]
	at org.h2.command.Parser.parsePrepared(Parser.java:648) ~[h2-2.4.240.jar!/:na]
	at org.h2.command.Parser.parse(Parser.java:584) ~[h2-2.4.240.jar!/:na]
	at org.h2.command.Parser.parse(Parser.java:564) ~[h2-2.4.240.jar!/:na]
	at org.h2.command.Parser.prepareCommand(Parser.java:487) ~[h2-2.4.240.jar!/:na]
	at org.h2.engine.SessionLocal.prepareLocal(SessionLocal.java:647) ~[h2-2.4.240.jar!/:na]
	at org.h2.engine.SessionLocal.prepareCommand(SessionLocal.java:563) ~[h2-2.4.240.jar!/:na]
	at org.h2.jdbc.JdbcConnection.prepareCommand(JdbcConnection.java:1160) ~[h2-2.4.240.jar!/:na]
	at org.h2.jdbc.JdbcStatement.executeInternal(JdbcStatement.java:245) ~[h2-2.4.240.jar!/:na]
	at org.h2.jdbc.JdbcStatement.execute(JdbcStatement.java:231) ~[h2-2.4.240.jar!/:na]
	at com.zaxxer.hikari.pool.ProxyStatement.execute(ProxyStatement.java:95) ~[HikariCP-7.0.2.jar!/:na]
	at com.zaxxer.hikari.pool.HikariProxyStatement.execute(HikariProxyStatement.java) ~[HikariCP-7.0.2.jar!/:na]
	at org.springframework.jdbc.datasource.init.ScriptUtils.executeSqlScript(ScriptUtils.java:261) ~[spring-jdbc-7.0.9.jar!/:7.0.9]
	... 74 common frames omitted

2026-08-26T09:06:27.920+08:00  INFO 14136 --- [palm-lawyer-backend] [main] com.palmlawyer.PalmLawyerApplication     : Starting PalmLawyerApplication v1.0.0-SNAPSHOT using Java 21.0.12.1 with PID 14136 (D:\ruanjian\zsls\backend\target\palm-lawyer-backend-1.0.0-SNAPSHOT.jar started by 77161 in D:\ruanjian\zsls\backend)
2026-08-26T09:06:27.923+08:00 DEBUG 14136 --- [palm-lawyer-backend] [main] com.palmlawyer.PalmLawyerApplication     : Running with Spring Boot v4.1.1, Spring v7.0.9
2026-08-26T09:06:27.924+08:00  INFO 14136 --- [palm-lawyer-backend] [main] com.palmlawyer.PalmLawyerApplication     : No active profile set, falling back to 1 default profile: "default"
2026-08-26T09:06:29.011+08:00  INFO 14136 --- [palm-lawyer-backend] [main] o.s.boot.tomcat.TomcatWebServer          : Tomcat initialized with port 8080 (http)
2026-08-26T09:06:29.024+08:00  INFO 14136 --- [palm-lawyer-backend] [main] o.apache.catalina.core.StandardService   : Starting service [Tomcat]
2026-08-26T09:06:29.024+08:00  INFO 14136 --- [palm-lawyer-backend] [main] o.apache.catalina.core.StandardEngine    : Starting Servlet engine: [Apache Tomcat/11.0.24]
2026-08-26T09:06:29.045+08:00  INFO 14136 --- [palm-lawyer-backend] [main] b.w.c.s.WebApplicationContextInitializer : Root WebApplicationContext: initialization completed in 1070 ms
2026-08-26T09:06:29.104+08:00  INFO 14136 --- [palm-lawyer-backend] [main] c.p.s.infra.plugin.DomainPluginLoader    : 找到 1 个领域插件文件
2026-08-26T09:06:29.105+08:00 ERROR 14136 --- [palm-lawyer-backend] [main] c.p.s.infra.plugin.DomainPluginLoader    : 加载插件失败: labor-dispute.yaml

while scanning for the next token
found character '`' that cannot start any token. (Do not use ` for indentation)
 in 'reader', line 2, column 1:
    ```yaml
    ^

	at org.yaml.snakeyaml.scanner.ScannerImpl.fetchMoreTokens(ScannerImpl.java:445) ~[snakeyaml-2.2.jar!/:na]
	at org.yaml.snakeyaml.scanner.ScannerImpl.checkToken(ScannerImpl.java:238) ~[snakeyaml-2.2.jar!/:na]
	at org.yaml.snakeyaml.parser.ParserImpl$ParseImplicitDocumentStart.produce(ParserImpl.java:210) ~[snakeyaml-2.2.jar!/:na]
	at org.yaml.snakeyaml.parser.ParserImpl.peekEvent(ParserImpl.java:161) ~[snakeyaml-2.2.jar!/:na]
	at org.yaml.snakeyaml.parser.ParserImpl.checkEvent(ParserImpl.java:152) ~[snakeyaml-2.2.jar!/:na]
	at org.yaml.snakeyaml.composer.Composer.getSingleNode(Composer.java:156) ~[snakeyaml-2.2.jar!/:na]
	at org.yaml.snakeyaml.constructor.BaseConstructor.getSingleData(BaseConstructor.java:178) ~[snakeyaml-2.2.jar!/:na]
	at org.yaml.snakeyaml.Yaml.loadFromReader(Yaml.java:493) ~[snakeyaml-2.2.jar!/:na]
	at org.yaml.snakeyaml.Yaml.load(Yaml.java:434) ~[snakeyaml-2.2.jar!/:na]
	at com.palmlawyer.service.infra.plugin.DomainPluginLoader.load(DomainPluginLoader.java:37) ~[!/:1.0.0-SNAPSHOT]
	at java.base/jdk.internal.reflect.DirectMethodHandleAccessor.invoke(DirectMethodHandleAccessor.java:103) ~[na:na]
	at java.base/java.lang.reflect.Method.invoke(Method.java:580) ~[na:na]
	at org.springframework.beans.factory.annotation.InitDestroyAnnotationBeanPostProcessor$LifecycleMethod.invoke(InitDestroyAnnotationBeanPostProcessor.java:453) ~[spring-beans-7.0.9.jar!/:7.0.9]
	at org.springframework.beans.factory.annotation.InitDestroyAnnotationBeanPostProcessor$LifecycleMetadata.invokeInitMethods(InitDestroyAnnotationBeanPostProcessor.java:397) ~[spring-beans-7.0.9.jar!/:7.0.9]
	at org.springframework.beans.factory.annotation.InitDestroyAnnotationBeanPostProcessor.postProcessBeforeInitialization(InitDestroyAnnotationBeanPostProcessor.java:217) ~[spring-beans-7.0.9.jar!/:7.0.9]
	at org.springframework.beans.factory.support.AbstractAutowireCapableBeanFactory.applyBeanPostProcessorsBeforeInitialization(AbstractAutowireCapableBeanFactory.java:426) ~[spring-beans-7.0.9.jar!/:7.0.9]
	at org.springframework.beans.factory.support.AbstractAutowireCapableBeanFactory.initializeBean(AbstractAutowireCapableBeanFactory.java:1807) ~[spring-beans-7.0.9.jar!/:7.0.9]
	at org.springframework.beans.factory.support.AbstractAutowireCapableBeanFactory.doCreateBean(AbstractAutowireCapableBeanFactory.java:603) ~[spring-beans-7.0.9.jar!/:7.0.9]
	at org.springframework.beans.factory.support.AbstractAutowireCapableBeanFactory.createBean(AbstractAutowireCapableBeanFactory.java:525) ~[spring-beans-7.0.9.jar!/:7.0.9]
	at org.springframework.beans.factory.support.AbstractBeanFactory.lambda$doGetBean$0(AbstractBeanFactory.java:333) ~[spring-beans-7.0.9.jar!/:7.0.9]
	at org.springframework.beans.factory.support.DefaultSingletonBeanRegistry.getSingleton(DefaultSingletonBeanRegistry.java:371) ~[spring-beans-7.0.9.jar!/:7.0.9]
	at org.springframework.beans.factory.support.AbstractBeanFactory.doGetBean(AbstractBeanFactory.java:331) ~[spring-beans-7.0.9.jar!/:7.0.9]
	at org.springframework.beans.factory.support.AbstractBeanFactory.getBean(AbstractBeanFactory.java:201) ~[spring-beans-7.0.9.jar!/:7.0.9]
	at org.springframework.beans.factory.config.DependencyDescriptor.resolveCandidate(DependencyDescriptor.java:229) ~[spring-beans-7.0.9.jar!/:7.0.9]
	at org.springframework.beans.factory.support.DefaultListableBeanFactory.doResolveDependency(DefaultListableBeanFactory.java:1769) ~[spring-beans-7.0.9.jar!/:7.0.9]
	at org.springframework.beans.factory.support.DefaultListableBeanFactory.resolveDependency(DefaultListableBeanFactory.java:1658) ~[spring-beans-7.0.9.jar!/:7.0.9]
	at org.springframework.beans.factory.support.ConstructorResolver.resolveAutowiredArgument(ConstructorResolver.java:912) ~[spring-beans-7.0.9.jar!/:7.0.9]
	at org.springframework.beans.factory.support.ConstructorResolver.createArgumentArray(ConstructorResolver.java:791) ~[spring-beans-7.0.9.jar!/:7.0.9]
	at org.springframework.beans.factory.support.ConstructorResolver.autowireConstructor(ConstructorResolver.java:240) ~[spring-beans-7.0.9.jar!/:7.0.9]
	at org.springframework.beans.factory.support.AbstractAutowireCapableBeanFactory.autowireConstructor(AbstractAutowireCapableBeanFactory.java:1380) ~[spring-beans-7.0.9.jar!/:7.0.9]
	at org.springframework.beans.factory.support.AbstractAutowireCapableBeanFactory.createBeanInstance(AbstractAutowireCapableBeanFactory.java:1219) ~[spring-beans-7.0.9.jar!/:7.0.9]
	at org.springframework.beans.factory.support.AbstractAutowireCapableBeanFactory.doCreateBean(AbstractAutowireCapableBeanFactory.java:565) ~[spring-beans-7.0.9.jar!/:7.0.9]
	at org.springframework.beans.factory.support.AbstractAutowireCapableBeanFactory.createBean(AbstractAutowireCapableBeanFactory.java:525) ~[spring-beans-7.0.9.jar!/:7.0.9]
	at org.springframework.beans.factory.support.AbstractBeanFactory.lambda$doGetBean$0(AbstractBeanFactory.java:333) ~[spring-beans-7.0.9.jar!/:7.0.9]
	at org.springframework.beans.factory.support.DefaultSingletonBeanRegistry.getSingleton(DefaultSingletonBeanRegistry.java:371) ~[spring-beans-7.0.9.jar!/:7.0.9]
	at org.springframework.beans.factory.support.AbstractBeanFactory.doGetBean(AbstractBeanFactory.java:331) ~[spring-beans-7.0.9.jar!/:7.0.9]
	at org.springframework.beans.factory.support.AbstractBeanFactory.getBean(AbstractBeanFactory.java:196) ~[spring-beans-7.0.9.jar!/:7.0.9]
	at org.springframework.beans.factory.support.DefaultListableBeanFactory.instantiateSingleton(DefaultListableBeanFactory.java:1225) ~[spring-beans-7.0.9.jar!/:7.0.9]
	at org.springframework.beans.factory.support.DefaultListableBeanFactory.preInstantiateSingleton(DefaultListableBeanFactory.java:1191) ~[spring-beans-7.0.9.jar!/:7.0.9]
	at org.springframework.beans.factory.support.DefaultListableBeanFactory.preInstantiateSingletons(DefaultListableBeanFactory.java:1121) ~[spring-beans-7.0.9.jar!/:7.0.9]
	at org.springframework.context.support.AbstractApplicationContext.finishBeanFactoryInitialization(AbstractApplicationContext.java:994) ~[spring-context-7.0.9.jar!/:7.0.9]
	at org.springframework.context.support.AbstractApplicationContext.refresh(AbstractApplicationContext.java:621) ~[spring-context-7.0.9.jar!/:7.0.9]
	at org.springframework.boot.web.server.servlet.context.ServletWebServerApplicationContext.refresh(ServletWebServerApplicationContext.java:143) ~[spring-boot-web-server-4.1.1.jar!/:4.1.1]
	at org.springframework.boot.SpringApplication.refresh(SpringApplication.java:756) ~[spring-boot-4.1.1.jar!/:4.1.1]
	at org.springframework.boot.SpringApplication.refreshContext(SpringApplication.java:445) ~[spring-boot-4.1.1.jar!/:4.1.1]
	at org.springframework.boot.SpringApplication.run(SpringApplication.java:321) ~[spring-boot-4.1.1.jar!/:4.1.1]
	at org.springframework.boot.SpringApplication.run(SpringApplication.java:1365) ~[spring-boot-4.1.1.jar!/:4.1.1]
	at org.springframework.boot.SpringApplication.run(SpringApplication.java:1354) ~[spring-boot-4.1.1.jar!/:4.1.1]
	at com.palmlawyer.PalmLawyerApplication.main(PalmLawyerApplication.java:40) ~[!/:1.0.0-SNAPSHOT]
	at java.base/jdk.internal.reflect.DirectMethodHandleAccessor.invoke(DirectMethodHandleAccessor.java:103) ~[na:na]
	at java.base/java.lang.reflect.Method.invoke(Method.java:580) ~[na:na]
	at org.springframework.boot.loader.launch.Launcher.launch(Launcher.java:106) ~[palm-lawyer-backend-1.0.0-SNAPSHOT.jar:1.0.0-SNAPSHOT]
	at org.springframework.boot.loader.launch.Launcher.launch(Launcher.java:64) ~[palm-lawyer-backend-1.0.0-SNAPSHOT.jar:1.0.0-SNAPSHOT]
	at org.springframework.boot.loader.launch.JarLauncher.main(JarLauncher.java:40) ~[palm-lawyer-backend-1.0.0-SNAPSHOT.jar:1.0.0-SNAPSHOT]

2026-08-26T09:06:29.315+08:00 DEBUG 14136 --- [palm-lawyer-backend] [main] c.b.m.core.spi.CompatibleHelper          : Load compatibleSet: com.baomidou.mybatisplus.spring.spi.SpringCompatibleSet@611d0763
2026-08-26T09:06:29.362+08:00 DEBUG 14136 --- [palm-lawyer-backend] [main] c.b.m.s.MybatisSqlSessionFactoryBean     : Property 'mapperLocations' was not specified.
2026-08-26T09:06:29.396+08:00  INFO 14136 --- [palm-lawyer-backend] [main] com.zaxxer.hikari.HikariDataSource       : HikariPool-1 - Starting...
2026-08-26T09:06:29.592+08:00  INFO 14136 --- [palm-lawyer-backend] [main] com.zaxxer.hikari.pool.HikariPool        : HikariPool-1 - Added connection conn0: url=jdbc:h2:mem:palm_lawyer user=SA
2026-08-26T09:06:29.594+08:00  INFO 14136 --- [palm-lawyer-backend] [main] com.zaxxer.hikari.HikariDataSource       : HikariPool-1 - Start completed.
2026-08-26T09:06:29.772+08:00  INFO 14136 --- [palm-lawyer-backend] [main] com.palmlawyer.config.LLMConfig          : 初始化 ChatModel: baseUrl=-https://apihub.agnes-ai.com/v1, model=-agnes-2.0-flash
2026-08-26T09:06:30.026+08:00  WARN 14136 --- [palm-lawyer-backend] [main] ConfigServletWebServerApplicationContext : Exception encountered during context initialization - cancelling refresh attempt: org.springframework.beans.factory.UnsatisfiedDependencyException: Error creating bean with name 'chatController': Unsatisfied dependency expressed through field 'chatService': Error creating bean with name 'chatService': Unsatisfied dependency expressed through field 'chatModel': Error creating bean with name 'chatModel' defined in class path resource [com/palmlawyer/config/LLMConfig.class]: Failed to instantiate [org.springframework.ai.chat.model.ChatModel]: Factory method 'chatModel' threw exception with message: Illegal character in scheme name at index 0: -https://apihub.agnes-ai.com/v1
2026-08-26T09:06:30.026+08:00  INFO 14136 --- [palm-lawyer-backend] [main] com.zaxxer.hikari.HikariDataSource       : HikariPool-1 - Shutdown initiated...
2026-08-26T09:06:30.028+08:00  INFO 14136 --- [palm-lawyer-backend] [main] com.zaxxer.hikari.HikariDataSource       : HikariPool-1 - Shutdown completed.
2026-08-26T09:06:30.031+08:00  INFO 14136 --- [palm-lawyer-backend] [main] o.apache.catalina.core.StandardService   : Stopping service [Tomcat]
2026-08-26T09:06:30.042+08:00  INFO 14136 --- [palm-lawyer-backend] [main] .s.b.a.l.ConditionEvaluationReportLogger : 

Error starting ApplicationContext. To display the condition evaluation report re-run your application with 'debug' enabled.
2026-08-26T09:06:30.054+08:00 ERROR 14136 --- [palm-lawyer-backend] [main] o.s.boot.SpringApplication               : Application run failed

org.springframework.beans.factory.UnsatisfiedDependencyException: Error creating bean with name 'chatController': Unsatisfied dependency expressed through field 'chatService': Error creating bean with name 'chatService': Unsatisfied dependency expressed through field 'chatModel': Error creating bean with name 'chatModel' defined in class path resource [com/palmlawyer/config/LLMConfig.class]: Failed to instantiate [org.springframework.ai.chat.model.ChatModel]: Factory method 'chatModel' threw exception with message: Illegal character in scheme name at index 0: -https://apihub.agnes-ai.com/v1
	at org.springframework.beans.factory.annotation.AutowiredAnnotationBeanPostProcessor$AutowiredFieldElement.resolveFieldValue(AutowiredAnnotationBeanPostProcessor.java:767) ~[spring-beans-7.0.9.jar!/:7.0.9]
	at org.springframework.beans.factory.annotation.AutowiredAnnotationBeanPostProcessor$AutowiredFieldElement.inject(AutowiredAnnotationBeanPostProcessor.java:748) ~[spring-beans-7.0.9.jar!/:7.0.9]
	at org.springframework.beans.factory.annotation.InjectionMetadata.inject(InjectionMetadata.java:146) ~[spring-beans-7.0.9.jar!/:7.0.9]
	at org.springframework.beans.factory.annotation.AutowiredAnnotationBeanPostProcessor.postProcessProperties(AutowiredAnnotationBeanPostProcessor.java:493) ~[spring-beans-7.0.9.jar!/:7.0.9]
	at org.springframework.beans.factory.support.AbstractAutowireCapableBeanFactory.populateBean(AbstractAutowireCapableBeanFactory.java:1444) ~[spring-beans-7.0.9.jar!/:7.0.9]
	at org.springframework.beans.factory.support.AbstractAutowireCapableBeanFactory.doCreateBean(AbstractAutowireCapableBeanFactory.java:602) ~[spring-beans-7.0.9.jar!/:7.0.9]
	at org.springframework.beans.factory.support.AbstractAutowireCapableBeanFactory.createBean(AbstractAutowireCapableBeanFactory.java:525) ~[spring-beans-7.0.9.jar!/:7.0.9]
	at org.springframework.beans.factory.support.AbstractBeanFactory.lambda$doGetBean$0(AbstractBeanFactory.java:333) ~[spring-beans-7.0.9.jar!/:7.0.9]
	at org.springframework.beans.factory.support.DefaultSingletonBeanRegistry.getSingleton(DefaultSingletonBeanRegistry.java:371) ~[spring-beans-7.0.9.jar!/:7.0.9]
	at org.springframework.beans.factory.support.AbstractBeanFactory.doGetBean(AbstractBeanFactory.java:331) ~[spring-beans-7.0.9.jar!/:7.0.9]
	at org.springframework.beans.factory.support.AbstractBeanFactory.getBean(AbstractBeanFactory.java:196) ~[spring-beans-7.0.9.jar!/:7.0.9]
	at org.springframework.beans.factory.support.DefaultListableBeanFactory.instantiateSingleton(DefaultListableBeanFactory.java:1225) ~[spring-beans-7.0.9.jar!/:7.0.9]
	at org.springframework.beans.factory.support.DefaultListableBeanFactory.preInstantiateSingleton(DefaultListableBeanFactory.java:1191) ~[spring-beans-7.0.9.jar!/:7.0.9]
	at org.springframework.beans.factory.support.DefaultListableBeanFactory.preInstantiateSingletons(DefaultListableBeanFactory.java:1121) ~[spring-beans-7.0.9.jar!/:7.0.9]
	at org.springframework.context.support.AbstractApplicationContext.finishBeanFactoryInitialization(AbstractApplicationContext.java:994) ~[spring-context-7.0.9.jar!/:7.0.9]
	at org.springframework.context.support.AbstractApplicationContext.refresh(AbstractApplicationContext.java:621) ~[spring-context-7.0.9.jar!/:7.0.9]
	at org.springframework.boot.web.server.servlet.context.ServletWebServerApplicationContext.refresh(ServletWebServerApplicationContext.java:143) ~[spring-boot-web-server-4.1.1.jar!/:4.1.1]
	at org.springframework.boot.SpringApplication.refresh(SpringApplication.java:756) ~[spring-boot-4.1.1.jar!/:4.1.1]
	at org.springframework.boot.SpringApplication.refreshContext(SpringApplication.java:445) ~[spring-boot-4.1.1.jar!/:4.1.1]
	at org.springframework.boot.SpringApplication.run(SpringApplication.java:321) ~[spring-boot-4.1.1.jar!/:4.1.1]
	at org.springframework.boot.SpringApplication.run(SpringApplication.java:1365) ~[spring-boot-4.1.1.jar!/:4.1.1]
	at org.springframework.boot.SpringApplication.run(SpringApplication.java:1354) ~[spring-boot-4.1.1.jar!/:4.1.1]
	at com.palmlawyer.PalmLawyerApplication.main(PalmLawyerApplication.java:40) ~[!/:1.0.0-SNAPSHOT]
	at java.base/jdk.internal.reflect.DirectMethodHandleAccessor.invoke(DirectMethodHandleAccessor.java:103) ~[na:na]
	at java.base/java.lang.reflect.Method.invoke(Method.java:580) ~[na:na]
	at org.springframework.boot.loader.launch.Launcher.launch(Launcher.java:106) ~[palm-lawyer-backend-1.0.0-SNAPSHOT.jar:1.0.0-SNAPSHOT]
	at org.springframework.boot.loader.launch.Launcher.launch(Launcher.java:64) ~[palm-lawyer-backend-1.0.0-SNAPSHOT.jar:1.0.0-SNAPSHOT]
	at org.springframework.boot.loader.launch.JarLauncher.main(JarLauncher.java:40) ~[palm-lawyer-backend-1.0.0-SNAPSHOT.jar:1.0.0-SNAPSHOT]
Caused by: org.springframework.beans.factory.UnsatisfiedDependencyException: Error creating bean with name 'chatService': Unsatisfied dependency expressed through field 'chatModel': Error creating bean with name 'chatModel' defined in class path resource [com/palmlawyer/config/LLMConfig.class]: Failed to instantiate [org.springframework.ai.chat.model.ChatModel]: Factory method 'chatModel' threw exception with message: Illegal character in scheme name at index 0: -https://apihub.agnes-ai.com/v1
	at org.springframework.beans.factory.annotation.AutowiredAnnotationBeanPostProcessor$AutowiredFieldElement.resolveFieldValue(AutowiredAnnotationBeanPostProcessor.java:767) ~[spring-beans-7.0.9.jar!/:7.0.9]
	at org.springframework.beans.factory.annotation.AutowiredAnnotationBeanPostProcessor$AutowiredFieldElement.inject(AutowiredAnnotationBeanPostProcessor.java:748) ~[spring-beans-7.0.9.jar!/:7.0.9]
	at org.springframework.beans.factory.annotation.InjectionMetadata.inject(InjectionMetadata.java:146) ~[spring-beans-7.0.9.jar!/:7.0.9]
	at org.springframework.beans.factory.annotation.AutowiredAnnotationBeanPostProcessor.postProcessProperties(AutowiredAnnotationBeanPostProcessor.java:493) ~[spring-beans-7.0.9.jar!/:7.0.9]
	at org.springframework.beans.factory.support.AbstractAutowireCapableBeanFactory.populateBean(AbstractAutowireCapableBeanFactory.java:1444) ~[spring-beans-7.0.9.jar!/:7.0.9]
	at org.springframework.beans.factory.support.AbstractAutowireCapableBeanFactory.doCreateBean(AbstractAutowireCapableBeanFactory.java:602) ~[spring-beans-7.0.9.jar!/:7.0.9]
	at org.springframework.beans.factory.support.AbstractAutowireCapableBeanFactory.createBean(AbstractAutowireCapableBeanFactory.java:525) ~[spring-beans-7.0.9.jar!/:7.0.9]
	at org.springframework.beans.factory.support.AbstractBeanFactory.lambda$doGetBean$0(AbstractBeanFactory.java:333) ~[spring-beans-7.0.9.jar!/:7.0.9]
	at org.springframework.beans.factory.support.DefaultSingletonBeanRegistry.getSingleton(DefaultSingletonBeanRegistry.java:371) ~[spring-beans-7.0.9.jar!/:7.0.9]
	at org.springframework.beans.factory.support.AbstractBeanFactory.doGetBean(AbstractBeanFactory.java:331) ~[spring-beans-7.0.9.jar!/:7.0.9]
	at org.springframework.beans.factory.support.AbstractBeanFactory.getBean(AbstractBeanFactory.java:201) ~[spring-beans-7.0.9.jar!/:7.0.9]
	at org.springframework.beans.factory.support.DefaultListableBeanFactory.resolveBean(DefaultListableBeanFactory.java:1232) ~[spring-beans-7.0.9.jar!/:7.0.9]
	at org.springframework.beans.factory.support.DefaultListableBeanFactory.doResolveDependency(DefaultListableBeanFactory.java:1711) ~[spring-beans-7.0.9.jar!/:7.0.9]
	at org.springframework.beans.factory.support.DefaultListableBeanFactory.resolveDependency(DefaultListableBeanFactory.java:1658) ~[spring-beans-7.0.9.jar!/:7.0.9]
	at org.springframework.beans.factory.annotation.AutowiredAnnotationBeanPostProcessor$AutowiredFieldElement.resolveFieldValue(AutowiredAnnotationBeanPostProcessor.java:764) ~[spring-beans-7.0.9.jar!/:7.0.9]
	... 27 common frames omitted
Caused by: org.springframework.beans.factory.BeanCreationException: Error creating bean with name 'chatModel' defined in class path resource [com/palmlawyer/config/LLMConfig.class]: Failed to instantiate [org.springframework.ai.chat.model.ChatModel]: Factory method 'chatModel' threw exception with message: Illegal character in scheme name at index 0: -https://apihub.agnes-ai.com/v1
	at org.springframework.beans.factory.support.ConstructorResolver.instantiate(ConstructorResolver.java:657) ~[spring-beans-7.0.9.jar!/:7.0.9]
	at org.springframework.beans.factory.support.ConstructorResolver.instantiateUsingFactoryMethod(ConstructorResolver.java:489) ~[spring-beans-7.0.9.jar!/:7.0.9]
	at org.springframework.beans.factory.support.AbstractAutowireCapableBeanFactory.instantiateUsingFactoryMethod(AbstractAutowireCapableBeanFactory.java:1360) ~[spring-beans-7.0.9.jar!/:7.0.9]
	at org.springframework.beans.factory.support.AbstractAutowireCapableBeanFactory.createBeanInstance(AbstractAutowireCapableBeanFactory.java:1192) ~[spring-beans-7.0.9.jar!/:7.0.9]
	at org.springframework.beans.factory.support.AbstractAutowireCapableBeanFactory.doCreateBean(AbstractAutowireCapableBeanFactory.java:565) ~[spring-beans-7.0.9.jar!/:7.0.9]
	at org.springframework.beans.factory.support.AbstractAutowireCapableBeanFactory.createBean(AbstractAutowireCapableBeanFactory.java:525) ~[spring-beans-7.0.9.jar!/:7.0.9]
	at org.springframework.beans.factory.support.AbstractBeanFactory.lambda$doGetBean$0(AbstractBeanFactory.java:333) ~[spring-beans-7.0.9.jar!/:7.0.9]
	at org.springframework.beans.factory.support.DefaultSingletonBeanRegistry.getSingleton(DefaultSingletonBeanRegistry.java:371) ~[spring-beans-7.0.9.jar!/:7.0.9]
	at org.springframework.beans.factory.support.AbstractBeanFactory.doGetBean(AbstractBeanFactory.java:331) ~[spring-beans-7.0.9.jar!/:7.0.9]
	at org.springframework.beans.factory.support.AbstractBeanFactory.getBean(AbstractBeanFactory.java:201) ~[spring-beans-7.0.9.jar!/:7.0.9]
	at org.springframework.beans.factory.support.DefaultListableBeanFactory.resolveBean(DefaultListableBeanFactory.java:1232) ~[spring-beans-7.0.9.jar!/:7.0.9]
	at org.springframework.beans.factory.support.DefaultListableBeanFactory.doResolveDependency(DefaultListableBeanFactory.java:1711) ~[spring-beans-7.0.9.jar!/:7.0.9]
	at org.springframework.beans.factory.support.DefaultListableBeanFactory.resolveDependency(DefaultListableBeanFactory.java:1658) ~[spring-beans-7.0.9.jar!/:7.0.9]
	at org.springframework.beans.factory.annotation.AutowiredAnnotationBeanPostProcessor$AutowiredFieldElement.resolveFieldValue(AutowiredAnnotationBeanPostProcessor.java:764) ~[spring-beans-7.0.9.jar!/:7.0.9]
	... 41 common frames omitted
Caused by: org.springframework.beans.BeanInstantiationException: Failed to instantiate [org.springframework.ai.chat.model.ChatModel]: Factory method 'chatModel' threw exception with message: Illegal character in scheme name at index 0: -https://apihub.agnes-ai.com/v1
	at org.springframework.beans.factory.support.SimpleInstantiationStrategy.lambda$instantiate$0(SimpleInstantiationStrategy.java:183) ~[spring-beans-7.0.9.jar!/:7.0.9]
	at org.springframework.beans.factory.support.SimpleInstantiationStrategy.instantiateWithFactoryMethod(SimpleInstantiationStrategy.java:72) ~[spring-beans-7.0.9.jar!/:7.0.9]
	at org.springframework.beans.factory.support.SimpleInstantiationStrategy.instantiate(SimpleInstantiationStrategy.java:152) ~[spring-beans-7.0.9.jar!/:7.0.9]
	at org.springframework.beans.factory.support.ConstructorResolver.instantiate(ConstructorResolver.java:653) ~[spring-beans-7.0.9.jar!/:7.0.9]
	... 54 common frames omitted
Caused by: java.lang.IllegalArgumentException: Illegal character in scheme name at index 0: -https://apihub.agnes-ai.com/v1
	at java.base/java.net.URI.create(URI.java:932) ~[na:na]
	at com.openai.azure.AzureUrlCategory$Companion.categorizeBaseUrl(AzureUrlCategory.kt:25) ~[openai-java-core-4.49.0.jar!/:4.49.0]
	at com.openai.core.ClientOptions$Builder.build(ClientOptions.kt:678) ~[openai-java-core-4.49.0.jar!/:4.49.0]
	at org.springframework.ai.openai.setup.OpenAiSetup.buildClientOptions(OpenAiSetup.java:207) ~[spring-ai-openai-2.0.1.jar!/:2.0.1]
	at org.springframework.ai.openai.setup.OpenAiSetup.setupSyncClient(OpenAiSetup.java:118) ~[spring-ai-openai-2.0.1.jar!/:2.0.1]
	at com.palmlawyer.config.LLMConfig.chatModel(LLMConfig.java:60) ~[!/:1.0.0-SNAPSHOT]
	at com.palmlawyer.config.LLMConfig$$SpringCGLIB$$0.CGLIB$chatModel$0(<generated>) ~[!/:1.0.0-SNAPSHOT]
	at com.palmlawyer.config.LLMConfig$$SpringCGLIB$$FastClass$$1.invoke(<generated>) ~[!/:1.0.0-SNAPSHOT]
	at org.springframework.cglib.proxy.MethodProxy.invokeSuper(MethodProxy.java:258) ~[spring-core-7.0.9.jar!/:7.0.9]
	at org.springframework.context.annotation.ConfigurationClassEnhancer$BeanMethodInterceptor.intercept(ConfigurationClassEnhancer.java:398) ~[spring-context-7.0.9.jar!/:7.0.9]
	at com.palmlawyer.config.LLMConfig$$SpringCGLIB$$0.chatModel(<generated>) ~[!/:1.0.0-SNAPSHOT]
	at java.base/jdk.internal.reflect.DirectMethodHandleAccessor.invoke(DirectMethodHandleAccessor.java:103) ~[na:na]
	at java.base/java.lang.reflect.Method.invoke(Method.java:580) ~[na:na]
	at org.springframework.beans.factory.support.SimpleInstantiationStrategy.lambda$instantiate$0(SimpleInstantiationStrategy.java:155) ~[spring-beans-7.0.9.jar!/:7.0.9]
	... 57 common frames omitted
Caused by: java.net.URISyntaxException: Illegal character in scheme name at index 0: -https://apihub.agnes-ai.com/v1
	at java.base/java.net.URI$Parser.fail(URI.java:2995) ~[na:na]
	at java.base/java.net.URI$Parser.checkChars(URI.java:3166) ~[na:na]
	at java.base/java.net.URI$Parser.checkChar(URI.java:3176) ~[na:na]
	at java.base/java.net.URI$Parser.parse(URI.java:3191) ~[na:na]
	at java.base/java.net.URI.<init>(URI.java:645) ~[na:na]
	at java.base/java.net.URI.create(URI.java:930) ~[na:na]
	... 70 common frames omitted

2026-08-26T09:10:13.801+08:00  INFO 2684 --- [palm-lawyer-backend] [main] com.palmlawyer.PalmLawyerApplication     : Starting PalmLawyerApplication v1.0.0-SNAPSHOT using Java 21.0.12.1 with PID 2684 (D:\ruanjian\zsls\backend\target\palm-lawyer-backend-1.0.0-SNAPSHOT.jar started by 77161 in D:\ruanjian\zsls\backend)
2026-08-26T09:10:13.804+08:00 DEBUG 2684 --- [palm-lawyer-backend] [main] com.palmlawyer.PalmLawyerApplication     : Running with Spring Boot v4.1.1, Spring v7.0.9
2026-08-26T09:10:13.806+08:00  INFO 2684 --- [palm-lawyer-backend] [main] com.palmlawyer.PalmLawyerApplication     : No active profile set, falling back to 1 default profile: "default"
2026-08-26T09:10:14.895+08:00  INFO 2684 --- [palm-lawyer-backend] [main] o.s.boot.tomcat.TomcatWebServer          : Tomcat initialized with port 8080 (http)
2026-08-26T09:10:14.909+08:00  INFO 2684 --- [palm-lawyer-backend] [main] o.apache.catalina.core.StandardService   : Starting service [Tomcat]
2026-08-26T09:10:14.909+08:00  INFO 2684 --- [palm-lawyer-backend] [main] o.apache.catalina.core.StandardEngine    : Starting Servlet engine: [Apache Tomcat/11.0.24]
2026-08-26T09:10:14.931+08:00  INFO 2684 --- [palm-lawyer-backend] [main] b.w.c.s.WebApplicationContextInitializer : Root WebApplicationContext: initialization completed in 1075 ms
2026-08-26T09:10:14.993+08:00  INFO 2684 --- [palm-lawyer-backend] [main] c.p.s.infra.plugin.DomainPluginLoader    : 找到 1 个领域插件文件
2026-08-26T09:10:14.994+08:00 ERROR 2684 --- [palm-lawyer-backend] [main] c.p.s.infra.plugin.DomainPluginLoader    : 加载插件失败: labor-dispute.yaml

while scanning for the next token
found character '`' that cannot start any token. (Do not use ` for indentation)
 in 'reader', line 2, column 1:
    ```yaml
    ^

	at org.yaml.snakeyaml.scanner.ScannerImpl.fetchMoreTokens(ScannerImpl.java:445) ~[snakeyaml-2.2.jar!/:na]
	at org.yaml.snakeyaml.scanner.ScannerImpl.checkToken(ScannerImpl.java:238) ~[snakeyaml-2.2.jar!/:na]
	at org.yaml.snakeyaml.parser.ParserImpl$ParseImplicitDocumentStart.produce(ParserImpl.java:210) ~[snakeyaml-2.2.jar!/:na]
	at org.yaml.snakeyaml.parser.ParserImpl.peekEvent(ParserImpl.java:161) ~[snakeyaml-2.2.jar!/:na]
	at org.yaml.snakeyaml.parser.ParserImpl.checkEvent(ParserImpl.java:152) ~[snakeyaml-2.2.jar!/:na]
	at org.yaml.snakeyaml.composer.Composer.getSingleNode(Composer.java:156) ~[snakeyaml-2.2.jar!/:na]
	at org.yaml.snakeyaml.constructor.BaseConstructor.getSingleData(BaseConstructor.java:178) ~[snakeyaml-2.2.jar!/:na]
	at org.yaml.snakeyaml.Yaml.loadFromReader(Yaml.java:493) ~[snakeyaml-2.2.jar!/:na]
	at org.yaml.snakeyaml.Yaml.load(Yaml.java:434) ~[snakeyaml-2.2.jar!/:na]
	at com.palmlawyer.service.infra.plugin.DomainPluginLoader.load(DomainPluginLoader.java:37) ~[!/:1.0.0-SNAPSHOT]
	at java.base/jdk.internal.reflect.DirectMethodHandleAccessor.invoke(DirectMethodHandleAccessor.java:103) ~[na:na]
	at java.base/java.lang.reflect.Method.invoke(Method.java:580) ~[na:na]
	at org.springframework.beans.factory.annotation.InitDestroyAnnotationBeanPostProcessor$LifecycleMethod.invoke(InitDestroyAnnotationBeanPostProcessor.java:453) ~[spring-beans-7.0.9.jar!/:7.0.9]
	at org.springframework.beans.factory.annotation.InitDestroyAnnotationBeanPostProcessor$LifecycleMetadata.invokeInitMethods(InitDestroyAnnotationBeanPostProcessor.java:397) ~[spring-beans-7.0.9.jar!/:7.0.9]
	at org.springframework.beans.factory.annotation.InitDestroyAnnotationBeanPostProcessor.postProcessBeforeInitialization(InitDestroyAnnotationBeanPostProcessor.java:217) ~[spring-beans-7.0.9.jar!/:7.0.9]
	at org.springframework.beans.factory.support.AbstractAutowireCapableBeanFactory.applyBeanPostProcessorsBeforeInitialization(AbstractAutowireCapableBeanFactory.java:426) ~[spring-beans-7.0.9.jar!/:7.0.9]
	at org.springframework.beans.factory.support.AbstractAutowireCapableBeanFactory.initializeBean(AbstractAutowireCapableBeanFactory.java:1807) ~[spring-beans-7.0.9.jar!/:7.0.9]
	at org.springframework.beans.factory.support.AbstractAutowireCapableBeanFactory.doCreateBean(AbstractAutowireCapableBeanFactory.java:603) ~[spring-beans-7.0.9.jar!/:7.0.9]
	at org.springframework.beans.factory.support.AbstractAutowireCapableBeanFactory.createBean(AbstractAutowireCapableBeanFactory.java:525) ~[spring-beans-7.0.9.jar!/:7.0.9]
	at org.springframework.beans.factory.support.AbstractBeanFactory.lambda$doGetBean$0(AbstractBeanFactory.java:333) ~[spring-beans-7.0.9.jar!/:7.0.9]
	at org.springframework.beans.factory.support.DefaultSingletonBeanRegistry.getSingleton(DefaultSingletonBeanRegistry.java:371) ~[spring-beans-7.0.9.jar!/:7.0.9]
	at org.springframework.beans.factory.support.AbstractBeanFactory.doGetBean(AbstractBeanFactory.java:331) ~[spring-beans-7.0.9.jar!/:7.0.9]
	at org.springframework.beans.factory.support.AbstractBeanFactory.getBean(AbstractBeanFactory.java:201) ~[spring-beans-7.0.9.jar!/:7.0.9]
	at org.springframework.beans.factory.config.DependencyDescriptor.resolveCandidate(DependencyDescriptor.java:229) ~[spring-beans-7.0.9.jar!/:7.0.9]
	at org.springframework.beans.factory.support.DefaultListableBeanFactory.doResolveDependency(DefaultListableBeanFactory.java:1769) ~[spring-beans-7.0.9.jar!/:7.0.9]
	at org.springframework.beans.factory.support.DefaultListableBeanFactory.resolveDependency(DefaultListableBeanFactory.java:1658) ~[spring-beans-7.0.9.jar!/:7.0.9]
	at org.springframework.beans.factory.support.ConstructorResolver.resolveAutowiredArgument(ConstructorResolver.java:912) ~[spring-beans-7.0.9.jar!/:7.0.9]
	at org.springframework.beans.factory.support.ConstructorResolver.createArgumentArray(ConstructorResolver.java:791) ~[spring-beans-7.0.9.jar!/:7.0.9]
	at org.springframework.beans.factory.support.ConstructorResolver.autowireConstructor(ConstructorResolver.java:240) ~[spring-beans-7.0.9.jar!/:7.0.9]
	at org.springframework.beans.factory.support.AbstractAutowireCapableBeanFactory.autowireConstructor(AbstractAutowireCapableBeanFactory.java:1380) ~[spring-beans-7.0.9.jar!/:7.0.9]
	at org.springframework.beans.factory.support.AbstractAutowireCapableBeanFactory.createBeanInstance(AbstractAutowireCapableBeanFactory.java:1219) ~[spring-beans-7.0.9.jar!/:7.0.9]
	at org.springframework.beans.factory.support.AbstractAutowireCapableBeanFactory.doCreateBean(AbstractAutowireCapableBeanFactory.java:565) ~[spring-beans-7.0.9.jar!/:7.0.9]
	at org.springframework.beans.factory.support.AbstractAutowireCapableBeanFactory.createBean(AbstractAutowireCapableBeanFactory.java:525) ~[spring-beans-7.0.9.jar!/:7.0.9]
	at org.springframework.beans.factory.support.AbstractBeanFactory.lambda$doGetBean$0(AbstractBeanFactory.java:333) ~[spring-beans-7.0.9.jar!/:7.0.9]
	at org.springframework.beans.factory.support.DefaultSingletonBeanRegistry.getSingleton(DefaultSingletonBeanRegistry.java:371) ~[spring-beans-7.0.9.jar!/:7.0.9]
	at org.springframework.beans.factory.support.AbstractBeanFactory.doGetBean(AbstractBeanFactory.java:331) ~[spring-beans-7.0.9.jar!/:7.0.9]
	at org.springframework.beans.factory.support.AbstractBeanFactory.getBean(AbstractBeanFactory.java:196) ~[spring-beans-7.0.9.jar!/:7.0.9]
	at org.springframework.beans.factory.support.DefaultListableBeanFactory.instantiateSingleton(DefaultListableBeanFactory.java:1225) ~[spring-beans-7.0.9.jar!/:7.0.9]
	at org.springframework.beans.factory.support.DefaultListableBeanFactory.preInstantiateSingleton(DefaultListableBeanFactory.java:1191) ~[spring-beans-7.0.9.jar!/:7.0.9]
	at org.springframework.beans.factory.support.DefaultListableBeanFactory.preInstantiateSingletons(DefaultListableBeanFactory.java:1121) ~[spring-beans-7.0.9.jar!/:7.0.9]
	at org.springframework.context.support.AbstractApplicationContext.finishBeanFactoryInitialization(AbstractApplicationContext.java:994) ~[spring-context-7.0.9.jar!/:7.0.9]
	at org.springframework.context.support.AbstractApplicationContext.refresh(AbstractApplicationContext.java:621) ~[spring-context-7.0.9.jar!/:7.0.9]
	at org.springframework.boot.web.server.servlet.context.ServletWebServerApplicationContext.refresh(ServletWebServerApplicationContext.java:143) ~[spring-boot-web-server-4.1.1.jar!/:4.1.1]
	at org.springframework.boot.SpringApplication.refresh(SpringApplication.java:756) ~[spring-boot-4.1.1.jar!/:4.1.1]
	at org.springframework.boot.SpringApplication.refreshContext(SpringApplication.java:445) ~[spring-boot-4.1.1.jar!/:4.1.1]
	at org.springframework.boot.SpringApplication.run(SpringApplication.java:321) ~[spring-boot-4.1.1.jar!/:4.1.1]
	at org.springframework.boot.SpringApplication.run(SpringApplication.java:1365) ~[spring-boot-4.1.1.jar!/:4.1.1]
	at org.springframework.boot.SpringApplication.run(SpringApplication.java:1354) ~[spring-boot-4.1.1.jar!/:4.1.1]
	at com.palmlawyer.PalmLawyerApplication.main(PalmLawyerApplication.java:40) ~[!/:1.0.0-SNAPSHOT]
	at java.base/jdk.internal.reflect.DirectMethodHandleAccessor.invoke(DirectMethodHandleAccessor.java:103) ~[na:na]
	at java.base/java.lang.reflect.Method.invoke(Method.java:580) ~[na:na]
	at org.springframework.boot.loader.launch.Launcher.launch(Launcher.java:106) ~[palm-lawyer-backend-1.0.0-SNAPSHOT.jar:1.0.0-SNAPSHOT]
	at org.springframework.boot.loader.launch.Launcher.launch(Launcher.java:64) ~[palm-lawyer-backend-1.0.0-SNAPSHOT.jar:1.0.0-SNAPSHOT]
	at org.springframework.boot.loader.launch.JarLauncher.main(JarLauncher.java:40) ~[palm-lawyer-backend-1.0.0-SNAPSHOT.jar:1.0.0-SNAPSHOT]

2026-08-26T09:10:15.196+08:00 DEBUG 2684 --- [palm-lawyer-backend] [main] c.b.m.core.spi.CompatibleHelper          : Load compatibleSet: com.baomidou.mybatisplus.spring.spi.SpringCompatibleSet@3c54ddec
2026-08-26T09:10:15.245+08:00 DEBUG 2684 --- [palm-lawyer-backend] [main] c.b.m.s.MybatisSqlSessionFactoryBean     : Property 'mapperLocations' was not specified.
2026-08-26T09:10:15.312+08:00  INFO 2684 --- [palm-lawyer-backend] [main] com.zaxxer.hikari.HikariDataSource       : HikariPool-1 - Starting...
2026-08-26T09:10:15.488+08:00  INFO 2684 --- [palm-lawyer-backend] [main] com.zaxxer.hikari.pool.HikariPool        : HikariPool-1 - Added connection conn0: url=jdbc:h2:mem:palm_lawyer user=SA
2026-08-26T09:10:15.490+08:00  INFO 2684 --- [palm-lawyer-backend] [main] com.zaxxer.hikari.HikariDataSource       : HikariPool-1 - Start completed.
2026-08-26T09:10:15.674+08:00  INFO 2684 --- [palm-lawyer-backend] [main] com.palmlawyer.config.LLMConfig          : 初始化 ChatModel: baseUrl=-https://apihub.agnes-ai.com/v1, model=-agnes-2.0-flash
2026-08-26T09:10:15.942+08:00  WARN 2684 --- [palm-lawyer-backend] [main] ConfigServletWebServerApplicationContext : Exception encountered during context initialization - cancelling refresh attempt: org.springframework.beans.factory.UnsatisfiedDependencyException: Error creating bean with name 'chatController': Unsatisfied dependency expressed through field 'chatService': Error creating bean with name 'chatService': Unsatisfied dependency expressed through field 'chatModel': Error creating bean with name 'chatModel' defined in class path resource [com/palmlawyer/config/LLMConfig.class]: Failed to instantiate [org.springframework.ai.chat.model.ChatModel]: Factory method 'chatModel' threw exception with message: Illegal character in scheme name at index 0: -https://apihub.agnes-ai.com/v1
2026-08-26T09:10:15.942+08:00  INFO 2684 --- [palm-lawyer-backend] [main] com.zaxxer.hikari.HikariDataSource       : HikariPool-1 - Shutdown initiated...
2026-08-26T09:10:15.943+08:00  INFO 2684 --- [palm-lawyer-backend] [main] com.zaxxer.hikari.HikariDataSource       : HikariPool-1 - Shutdown completed.
2026-08-26T09:10:15.946+08:00  INFO 2684 --- [palm-lawyer-backend] [main] o.apache.catalina.core.StandardService   : Stopping service [Tomcat]
2026-08-26T09:10:15.957+08:00  INFO 2684 --- [palm-lawyer-backend] [main] .s.b.a.l.ConditionEvaluationReportLogger : 

Error starting ApplicationContext. To display the condition evaluation report re-run your application with 'debug' enabled.
2026-08-26T09:10:15.971+08:00 ERROR 2684 --- [palm-lawyer-backend] [main] o.s.boot.SpringApplication               : Application run failed

org.springframework.beans.factory.UnsatisfiedDependencyException: Error creating bean with name 'chatController': Unsatisfied dependency expressed through field 'chatService': Error creating bean with name 'chatService': Unsatisfied dependency expressed through field 'chatModel': Error creating bean with name 'chatModel' defined in class path resource [com/palmlawyer/config/LLMConfig.class]: Failed to instantiate [org.springframework.ai.chat.model.ChatModel]: Factory method 'chatModel' threw exception with message: Illegal character in scheme name at index 0: -https://apihub.agnes-ai.com/v1
	at org.springframework.beans.factory.annotation.AutowiredAnnotationBeanPostProcessor$AutowiredFieldElement.resolveFieldValue(AutowiredAnnotationBeanPostProcessor.java:767) ~[spring-beans-7.0.9.jar!/:7.0.9]
	at org.springframework.beans.factory.annotation.AutowiredAnnotationBeanPostProcessor$AutowiredFieldElement.inject(AutowiredAnnotationBeanPostProcessor.java:748) ~[spring-beans-7.0.9.jar!/:7.0.9]
	at org.springframework.beans.factory.annotation.InjectionMetadata.inject(InjectionMetadata.java:146) ~[spring-beans-7.0.9.jar!/:7.0.9]
	at org.springframework.beans.factory.annotation.AutowiredAnnotationBeanPostProcessor.postProcessProperties(AutowiredAnnotationBeanPostProcessor.java:493) ~[spring-beans-7.0.9.jar!/:7.0.9]
	at org.springframework.beans.factory.support.AbstractAutowireCapableBeanFactory.populateBean(AbstractAutowireCapableBeanFactory.java:1444) ~[spring-beans-7.0.9.jar!/:7.0.9]
	at org.springframework.beans.factory.support.AbstractAutowireCapableBeanFactory.doCreateBean(AbstractAutowireCapableBeanFactory.java:602) ~[spring-beans-7.0.9.jar!/:7.0.9]
	at org.springframework.beans.factory.support.AbstractAutowireCapableBeanFactory.createBean(AbstractAutowireCapableBeanFactory.java:525) ~[spring-beans-7.0.9.jar!/:7.0.9]
	at org.springframework.beans.factory.support.AbstractBeanFactory.lambda$doGetBean$0(AbstractBeanFactory.java:333) ~[spring-beans-7.0.9.jar!/:7.0.9]
	at org.springframework.beans.factory.support.DefaultSingletonBeanRegistry.getSingleton(DefaultSingletonBeanRegistry.java:371) ~[spring-beans-7.0.9.jar!/:7.0.9]
	at org.springframework.beans.factory.support.AbstractBeanFactory.doGetBean(AbstractBeanFactory.java:331) ~[spring-beans-7.0.9.jar!/:7.0.9]
	at org.springframework.beans.factory.support.AbstractBeanFactory.getBean(AbstractBeanFactory.java:196) ~[spring-beans-7.0.9.jar!/:7.0.9]
	at org.springframework.beans.factory.support.DefaultListableBeanFactory.instantiateSingleton(DefaultListableBeanFactory.java:1225) ~[spring-beans-7.0.9.jar!/:7.0.9]
	at org.springframework.beans.factory.support.DefaultListableBeanFactory.preInstantiateSingleton(DefaultListableBeanFactory.java:1191) ~[spring-beans-7.0.9.jar!/:7.0.9]
	at org.springframework.beans.factory.support.DefaultListableBeanFactory.preInstantiateSingletons(DefaultListableBeanFactory.java:1121) ~[spring-beans-7.0.9.jar!/:7.0.9]
	at org.springframework.context.support.AbstractApplicationContext.finishBeanFactoryInitialization(AbstractApplicationContext.java:994) ~[spring-context-7.0.9.jar!/:7.0.9]
	at org.springframework.context.support.AbstractApplicationContext.refresh(AbstractApplicationContext.java:621) ~[spring-context-7.0.9.jar!/:7.0.9]
	at org.springframework.boot.web.server.servlet.context.ServletWebServerApplicationContext.refresh(ServletWebServerApplicationContext.java:143) ~[spring-boot-web-server-4.1.1.jar!/:4.1.1]
	at org.springframework.boot.SpringApplication.refresh(SpringApplication.java:756) ~[spring-boot-4.1.1.jar!/:4.1.1]
	at org.springframework.boot.SpringApplication.refreshContext(SpringApplication.java:445) ~[spring-boot-4.1.1.jar!/:4.1.1]
	at org.springframework.boot.SpringApplication.run(SpringApplication.java:321) ~[spring-boot-4.1.1.jar!/:4.1.1]
	at org.springframework.boot.SpringApplication.run(SpringApplication.java:1365) ~[spring-boot-4.1.1.jar!/:4.1.1]
	at org.springframework.boot.SpringApplication.run(SpringApplication.java:1354) ~[spring-boot-4.1.1.jar!/:4.1.1]
	at com.palmlawyer.PalmLawyerApplication.main(PalmLawyerApplication.java:40) ~[!/:1.0.0-SNAPSHOT]
	at java.base/jdk.internal.reflect.DirectMethodHandleAccessor.invoke(DirectMethodHandleAccessor.java:103) ~[na:na]
	at java.base/java.lang.reflect.Method.invoke(Method.java:580) ~[na:na]
	at org.springframework.boot.loader.launch.Launcher.launch(Launcher.java:106) ~[palm-lawyer-backend-1.0.0-SNAPSHOT.jar:1.0.0-SNAPSHOT]
	at org.springframework.boot.loader.launch.Launcher.launch(Launcher.java:64) ~[palm-lawyer-backend-1.0.0-SNAPSHOT.jar:1.0.0-SNAPSHOT]
	at org.springframework.boot.loader.launch.JarLauncher.main(JarLauncher.java:40) ~[palm-lawyer-backend-1.0.0-SNAPSHOT.jar:1.0.0-SNAPSHOT]
Caused by: org.springframework.beans.factory.UnsatisfiedDependencyException: Error creating bean with name 'chatService': Unsatisfied dependency expressed through field 'chatModel': Error creating bean with name 'chatModel' defined in class path resource [com/palmlawyer/config/LLMConfig.class]: Failed to instantiate [org.springframework.ai.chat.model.ChatModel]: Factory method 'chatModel' threw exception with message: Illegal character in scheme name at index 0: -https://apihub.agnes-ai.com/v1
	at org.springframework.beans.factory.annotation.AutowiredAnnotationBeanPostProcessor$AutowiredFieldElement.resolveFieldValue(AutowiredAnnotationBeanPostProcessor.java:767) ~[spring-beans-7.0.9.jar!/:7.0.9]
	at org.springframework.beans.factory.annotation.AutowiredAnnotationBeanPostProcessor$AutowiredFieldElement.inject(AutowiredAnnotationBeanPostProcessor.java:748) ~[spring-beans-7.0.9.jar!/:7.0.9]
	at org.springframework.beans.factory.annotation.InjectionMetadata.inject(InjectionMetadata.java:146) ~[spring-beans-7.0.9.jar!/:7.0.9]
	at org.springframework.beans.factory.annotation.AutowiredAnnotationBeanPostProcessor.postProcessProperties(AutowiredAnnotationBeanPostProcessor.java:493) ~[spring-beans-7.0.9.jar!/:7.0.9]
	at org.springframework.beans.factory.support.AbstractAutowireCapableBeanFactory.populateBean(AbstractAutowireCapableBeanFactory.java:1444) ~[spring-beans-7.0.9.jar!/:7.0.9]
	at org.springframework.beans.factory.support.AbstractAutowireCapableBeanFactory.doCreateBean(AbstractAutowireCapableBeanFactory.java:602) ~[spring-beans-7.0.9.jar!/:7.0.9]
	at org.springframework.beans.factory.support.AbstractAutowireCapableBeanFactory.createBean(AbstractAutowireCapableBeanFactory.java:525) ~[spring-beans-7.0.9.jar!/:7.0.9]
	at org.springframework.beans.factory.support.AbstractBeanFactory.lambda$doGetBean$0(AbstractBeanFactory.java:333) ~[spring-beans-7.0.9.jar!/:7.0.9]
	at org.springframework.beans.factory.support.DefaultSingletonBeanRegistry.getSingleton(DefaultSingletonBeanRegistry.java:371) ~[spring-beans-7.0.9.jar!/:7.0.9]
	at org.springframework.beans.factory.support.AbstractBeanFactory.doGetBean(AbstractBeanFactory.java:331) ~[spring-beans-7.0.9.jar!/:7.0.9]
	at org.springframework.beans.factory.support.AbstractBeanFactory.getBean(AbstractBeanFactory.java:201) ~[spring-beans-7.0.9.jar!/:7.0.9]
	at org.springframework.beans.factory.support.DefaultListableBeanFactory.resolveBean(DefaultListableBeanFactory.java:1232) ~[spring-beans-7.0.9.jar!/:7.0.9]
	at org.springframework.beans.factory.support.DefaultListableBeanFactory.doResolveDependency(DefaultListableBeanFactory.java:1711) ~[spring-beans-7.0.9.jar!/:7.0.9]
	at org.springframework.beans.factory.support.DefaultListableBeanFactory.resolveDependency(DefaultListableBeanFactory.java:1658) ~[spring-beans-7.0.9.jar!/:7.0.9]
	at org.springframework.beans.factory.annotation.AutowiredAnnotationBeanPostProcessor$AutowiredFieldElement.resolveFieldValue(AutowiredAnnotationBeanPostProcessor.java:764) ~[spring-beans-7.0.9.jar!/:7.0.9]
	... 27 common frames omitted
Caused by: org.springframework.beans.factory.BeanCreationException: Error creating bean with name 'chatModel' defined in class path resource [com/palmlawyer/config/LLMConfig.class]: Failed to instantiate [org.springframework.ai.chat.model.ChatModel]: Factory method 'chatModel' threw exception with message: Illegal character in scheme name at index 0: -https://apihub.agnes-ai.com/v1
	at org.springframework.beans.factory.support.ConstructorResolver.instantiate(ConstructorResolver.java:657) ~[spring-beans-7.0.9.jar!/:7.0.9]
	at org.springframework.beans.factory.support.ConstructorResolver.instantiateUsingFactoryMethod(ConstructorResolver.java:489) ~[spring-beans-7.0.9.jar!/:7.0.9]
	at org.springframework.beans.factory.support.AbstractAutowireCapableBeanFactory.instantiateUsingFactoryMethod(AbstractAutowireCapableBeanFactory.java:1360) ~[spring-beans-7.0.9.jar!/:7.0.9]
	at org.springframework.beans.factory.support.AbstractAutowireCapableBeanFactory.createBeanInstance(AbstractAutowireCapableBeanFactory.java:1192) ~[spring-beans-7.0.9.jar!/:7.0.9]
	at org.springframework.beans.factory.support.AbstractAutowireCapableBeanFactory.doCreateBean(AbstractAutowireCapableBeanFactory.java:565) ~[spring-beans-7.0.9.jar!/:7.0.9]
	at org.springframework.beans.factory.support.AbstractAutowireCapableBeanFactory.createBean(AbstractAutowireCapableBeanFactory.java:525) ~[spring-beans-7.0.9.jar!/:7.0.9]
	at org.springframework.beans.factory.support.AbstractBeanFactory.lambda$doGetBean$0(AbstractBeanFactory.java:333) ~[spring-beans-7.0.9.jar!/:7.0.9]
	at org.springframework.beans.factory.support.DefaultSingletonBeanRegistry.getSingleton(DefaultSingletonBeanRegistry.java:371) ~[spring-beans-7.0.9.jar!/:7.0.9]
	at org.springframework.beans.factory.support.AbstractBeanFactory.doGetBean(AbstractBeanFactory.java:331) ~[spring-beans-7.0.9.jar!/:7.0.9]
	at org.springframework.beans.factory.support.AbstractBeanFactory.getBean(AbstractBeanFactory.java:201) ~[spring-beans-7.0.9.jar!/:7.0.9]
	at org.springframework.beans.factory.support.DefaultListableBeanFactory.resolveBean(DefaultListableBeanFactory.java:1232) ~[spring-beans-7.0.9.jar!/:7.0.9]
	at org.springframework.beans.factory.support.DefaultListableBeanFactory.doResolveDependency(DefaultListableBeanFactory.java:1711) ~[spring-beans-7.0.9.jar!/:7.0.9]
	at org.springframework.beans.factory.support.DefaultListableBeanFactory.resolveDependency(DefaultListableBeanFactory.java:1658) ~[spring-beans-7.0.9.jar!/:7.0.9]
	at org.springframework.beans.factory.annotation.AutowiredAnnotationBeanPostProcessor$AutowiredFieldElement.resolveFieldValue(AutowiredAnnotationBeanPostProcessor.java:764) ~[spring-beans-7.0.9.jar!/:7.0.9]
	... 41 common frames omitted
Caused by: org.springframework.beans.BeanInstantiationException: Failed to instantiate [org.springframework.ai.chat.model.ChatModel]: Factory method 'chatModel' threw exception with message: Illegal character in scheme name at index 0: -https://apihub.agnes-ai.com/v1
	at org.springframework.beans.factory.support.SimpleInstantiationStrategy.lambda$instantiate$0(SimpleInstantiationStrategy.java:183) ~[spring-beans-7.0.9.jar!/:7.0.9]
	at org.springframework.beans.factory.support.SimpleInstantiationStrategy.instantiateWithFactoryMethod(SimpleInstantiationStrategy.java:72) ~[spring-beans-7.0.9.jar!/:7.0.9]
	at org.springframework.beans.factory.support.SimpleInstantiationStrategy.instantiate(SimpleInstantiationStrategy.java:152) ~[spring-beans-7.0.9.jar!/:7.0.9]
	at org.springframework.beans.factory.support.ConstructorResolver.instantiate(ConstructorResolver.java:653) ~[spring-beans-7.0.9.jar!/:7.0.9]
	... 54 common frames omitted
Caused by: java.lang.IllegalArgumentException: Illegal character in scheme name at index 0: -https://apihub.agnes-ai.com/v1
	at java.base/java.net.URI.create(URI.java:932) ~[na:na]
	at com.openai.azure.AzureUrlCategory$Companion.categorizeBaseUrl(AzureUrlCategory.kt:25) ~[openai-java-core-4.49.0.jar!/:4.49.0]
	at com.openai.core.ClientOptions$Builder.build(ClientOptions.kt:678) ~[openai-java-core-4.49.0.jar!/:4.49.0]
	at org.springframework.ai.openai.setup.OpenAiSetup.buildClientOptions(OpenAiSetup.java:207) ~[spring-ai-openai-2.0.1.jar!/:2.0.1]
	at org.springframework.ai.openai.setup.OpenAiSetup.setupSyncClient(OpenAiSetup.java:118) ~[spring-ai-openai-2.0.1.jar!/:2.0.1]
	at com.palmlawyer.config.LLMConfig.chatModel(LLMConfig.java:60) ~[!/:1.0.0-SNAPSHOT]
	at com.palmlawyer.config.LLMConfig$$SpringCGLIB$$0.CGLIB$chatModel$0(<generated>) ~[!/:1.0.0-SNAPSHOT]
	at com.palmlawyer.config.LLMConfig$$SpringCGLIB$$FastClass$$1.invoke(<generated>) ~[!/:1.0.0-SNAPSHOT]
	at org.springframework.cglib.proxy.MethodProxy.invokeSuper(MethodProxy.java:258) ~[spring-core-7.0.9.jar!/:7.0.9]
	at org.springframework.context.annotation.ConfigurationClassEnhancer$BeanMethodInterceptor.intercept(ConfigurationClassEnhancer.java:398) ~[spring-context-7.0.9.jar!/:7.0.9]
	at com.palmlawyer.config.LLMConfig$$SpringCGLIB$$0.chatModel(<generated>) ~[!/:1.0.0-SNAPSHOT]
	at java.base/jdk.internal.reflect.DirectMethodHandleAccessor.invoke(DirectMethodHandleAccessor.java:103) ~[na:na]
	at java.base/java.lang.reflect.Method.invoke(Method.java:580) ~[na:na]
	at org.springframework.beans.factory.support.SimpleInstantiationStrategy.lambda$instantiate$0(SimpleInstantiationStrategy.java:155) ~[spring-beans-7.0.9.jar!/:7.0.9]
	... 57 common frames omitted
Caused by: java.net.URISyntaxException: Illegal character in scheme name at index 0: -https://apihub.agnes-ai.com/v1
	at java.base/java.net.URI$Parser.fail(URI.java:2995) ~[na:na]
	at java.base/java.net.URI$Parser.checkChars(URI.java:3166) ~[na:na]
	at java.base/java.net.URI$Parser.checkChar(URI.java:3176) ~[na:na]
	at java.base/java.net.URI$Parser.parse(URI.java:3191) ~[na:na]
	at java.base/java.net.URI.<init>(URI.java:645) ~[na:na]
	at java.base/java.net.URI.create(URI.java:930) ~[na:na]
	... 70 common frames omitted

2026-08-26T09:11:44.320+08:00  INFO 15032 --- [palm-lawyer-backend] [main] com.palmlawyer.PalmLawyerApplication     : Starting PalmLawyerApplication v1.0.0-SNAPSHOT using Java 21.0.12.1 with PID 15032 (D:\ruanjian\zsls\backend\target\palm-lawyer-backend-1.0.0-SNAPSHOT.jar started by 77161 in D:\ruanjian\zsls\backend)
2026-08-26T09:11:44.323+08:00 DEBUG 15032 --- [palm-lawyer-backend] [main] com.palmlawyer.PalmLawyerApplication     : Running with Spring Boot v4.1.1, Spring v7.0.9
2026-08-26T09:11:44.324+08:00  INFO 15032 --- [palm-lawyer-backend] [main] com.palmlawyer.PalmLawyerApplication     : No active profile set, falling back to 1 default profile: "default"
2026-08-26T09:11:45.409+08:00  INFO 15032 --- [palm-lawyer-backend] [main] o.s.boot.tomcat.TomcatWebServer          : Tomcat initialized with port 8080 (http)
2026-08-26T09:11:45.422+08:00  INFO 15032 --- [palm-lawyer-backend] [main] o.apache.catalina.core.StandardService   : Starting service [Tomcat]
2026-08-26T09:11:45.422+08:00  INFO 15032 --- [palm-lawyer-backend] [main] o.apache.catalina.core.StandardEngine    : Starting Servlet engine: [Apache Tomcat/11.0.24]
2026-08-26T09:11:45.443+08:00  INFO 15032 --- [palm-lawyer-backend] [main] b.w.c.s.WebApplicationContextInitializer : Root WebApplicationContext: initialization completed in 1065 ms
2026-08-26T09:11:45.503+08:00  INFO 15032 --- [palm-lawyer-backend] [main] c.p.s.infra.plugin.DomainPluginLoader    : 找到 1 个领域插件文件
2026-08-26T09:11:45.504+08:00 ERROR 15032 --- [palm-lawyer-backend] [main] c.p.s.infra.plugin.DomainPluginLoader    : 加载插件失败: labor-dispute.yaml

while scanning for the next token
found character '`' that cannot start any token. (Do not use ` for indentation)
 in 'reader', line 2, column 1:
    ```yaml
    ^

	at org.yaml.snakeyaml.scanner.ScannerImpl.fetchMoreTokens(ScannerImpl.java:445) ~[snakeyaml-2.2.jar!/:na]
	at org.yaml.snakeyaml.scanner.ScannerImpl.checkToken(ScannerImpl.java:238) ~[snakeyaml-2.2.jar!/:na]
	at org.yaml.snakeyaml.parser.ParserImpl$ParseImplicitDocumentStart.produce(ParserImpl.java:210) ~[snakeyaml-2.2.jar!/:na]
	at org.yaml.snakeyaml.parser.ParserImpl.peekEvent(ParserImpl.java:161) ~[snakeyaml-2.2.jar!/:na]
	at org.yaml.snakeyaml.parser.ParserImpl.checkEvent(ParserImpl.java:152) ~[snakeyaml-2.2.jar!/:na]
	at org.yaml.snakeyaml.composer.Composer.getSingleNode(Composer.java:156) ~[snakeyaml-2.2.jar!/:na]
	at org.yaml.snakeyaml.constructor.BaseConstructor.getSingleData(BaseConstructor.java:178) ~[snakeyaml-2.2.jar!/:na]
	at org.yaml.snakeyaml.Yaml.loadFromReader(Yaml.java:493) ~[snakeyaml-2.2.jar!/:na]
	at org.yaml.snakeyaml.Yaml.load(Yaml.java:434) ~[snakeyaml-2.2.jar!/:na]
	at com.palmlawyer.service.infra.plugin.DomainPluginLoader.load(DomainPluginLoader.java:37) ~[!/:1.0.0-SNAPSHOT]
	at java.base/jdk.internal.reflect.DirectMethodHandleAccessor.invoke(DirectMethodHandleAccessor.java:103) ~[na:na]
	at java.base/java.lang.reflect.Method.invoke(Method.java:580) ~[na:na]
	at org.springframework.beans.factory.annotation.InitDestroyAnnotationBeanPostProcessor$LifecycleMethod.invoke(InitDestroyAnnotationBeanPostProcessor.java:453) ~[spring-beans-7.0.9.jar!/:7.0.9]
	at org.springframework.beans.factory.annotation.InitDestroyAnnotationBeanPostProcessor$LifecycleMetadata.invokeInitMethods(InitDestroyAnnotationBeanPostProcessor.java:397) ~[spring-beans-7.0.9.jar!/:7.0.9]
	at org.springframework.beans.factory.annotation.InitDestroyAnnotationBeanPostProcessor.postProcessBeforeInitialization(InitDestroyAnnotationBeanPostProcessor.java:217) ~[spring-beans-7.0.9.jar!/:7.0.9]
	at org.springframework.beans.factory.support.AbstractAutowireCapableBeanFactory.applyBeanPostProcessorsBeforeInitialization(AbstractAutowireCapableBeanFactory.java:426) ~[spring-beans-7.0.9.jar!/:7.0.9]
	at org.springframework.beans.factory.support.AbstractAutowireCapableBeanFactory.initializeBean(AbstractAutowireCapableBeanFactory.java:1807) ~[spring-beans-7.0.9.jar!/:7.0.9]
	at org.springframework.beans.factory.support.AbstractAutowireCapableBeanFactory.doCreateBean(AbstractAutowireCapableBeanFactory.java:603) ~[spring-beans-7.0.9.jar!/:7.0.9]
	at org.springframework.beans.factory.support.AbstractAutowireCapableBeanFactory.createBean(AbstractAutowireCapableBeanFactory.java:525) ~[spring-beans-7.0.9.jar!/:7.0.9]
	at org.springframework.beans.factory.support.AbstractBeanFactory.lambda$doGetBean$0(AbstractBeanFactory.java:333) ~[spring-beans-7.0.9.jar!/:7.0.9]
	at org.springframework.beans.factory.support.DefaultSingletonBeanRegistry.getSingleton(DefaultSingletonBeanRegistry.java:371) ~[spring-beans-7.0.9.jar!/:7.0.9]
	at org.springframework.beans.factory.support.AbstractBeanFactory.doGetBean(AbstractBeanFactory.java:331) ~[spring-beans-7.0.9.jar!/:7.0.9]
	at org.springframework.beans.factory.support.AbstractBeanFactory.getBean(AbstractBeanFactory.java:201) ~[spring-beans-7.0.9.jar!/:7.0.9]
	at org.springframework.beans.factory.config.DependencyDescriptor.resolveCandidate(DependencyDescriptor.java:229) ~[spring-beans-7.0.9.jar!/:7.0.9]
	at org.springframework.beans.factory.support.DefaultListableBeanFactory.doResolveDependency(DefaultListableBeanFactory.java:1769) ~[spring-beans-7.0.9.jar!/:7.0.9]
	at org.springframework.beans.factory.support.DefaultListableBeanFactory.resolveDependency(DefaultListableBeanFactory.java:1658) ~[spring-beans-7.0.9.jar!/:7.0.9]
	at org.springframework.beans.factory.support.ConstructorResolver.resolveAutowiredArgument(ConstructorResolver.java:912) ~[spring-beans-7.0.9.jar!/:7.0.9]
	at org.springframework.beans.factory.support.ConstructorResolver.createArgumentArray(ConstructorResolver.java:791) ~[spring-beans-7.0.9.jar!/:7.0.9]
	at org.springframework.beans.factory.support.ConstructorResolver.autowireConstructor(ConstructorResolver.java:240) ~[spring-beans-7.0.9.jar!/:7.0.9]
	at org.springframework.beans.factory.support.AbstractAutowireCapableBeanFactory.autowireConstructor(AbstractAutowireCapableBeanFactory.java:1380) ~[spring-beans-7.0.9.jar!/:7.0.9]
	at org.springframework.beans.factory.support.AbstractAutowireCapableBeanFactory.createBeanInstance(AbstractAutowireCapableBeanFactory.java:1219) ~[spring-beans-7.0.9.jar!/:7.0.9]
	at org.springframework.beans.factory.support.AbstractAutowireCapableBeanFactory.doCreateBean(AbstractAutowireCapableBeanFactory.java:565) ~[spring-beans-7.0.9.jar!/:7.0.9]
	at org.springframework.beans.factory.support.AbstractAutowireCapableBeanFactory.createBean(AbstractAutowireCapableBeanFactory.java:525) ~[spring-beans-7.0.9.jar!/:7.0.9]
	at org.springframework.beans.factory.support.AbstractBeanFactory.lambda$doGetBean$0(AbstractBeanFactory.java:333) ~[spring-beans-7.0.9.jar!/:7.0.9]
	at org.springframework.beans.factory.support.DefaultSingletonBeanRegistry.getSingleton(DefaultSingletonBeanRegistry.java:371) ~[spring-beans-7.0.9.jar!/:7.0.9]
	at org.springframework.beans.factory.support.AbstractBeanFactory.doGetBean(AbstractBeanFactory.java:331) ~[spring-beans-7.0.9.jar!/:7.0.9]
	at org.springframework.beans.factory.support.AbstractBeanFactory.getBean(AbstractBeanFactory.java:196) ~[spring-beans-7.0.9.jar!/:7.0.9]
	at org.springframework.beans.factory.support.DefaultListableBeanFactory.instantiateSingleton(DefaultListableBeanFactory.java:1225) ~[spring-beans-7.0.9.jar!/:7.0.9]
	at org.springframework.beans.factory.support.DefaultListableBeanFactory.preInstantiateSingleton(DefaultListableBeanFactory.java:1191) ~[spring-beans-7.0.9.jar!/:7.0.9]
	at org.springframework.beans.factory.support.DefaultListableBeanFactory.preInstantiateSingletons(DefaultListableBeanFactory.java:1121) ~[spring-beans-7.0.9.jar!/:7.0.9]
	at org.springframework.context.support.AbstractApplicationContext.finishBeanFactoryInitialization(AbstractApplicationContext.java:994) ~[spring-context-7.0.9.jar!/:7.0.9]
	at org.springframework.context.support.AbstractApplicationContext.refresh(AbstractApplicationContext.java:621) ~[spring-context-7.0.9.jar!/:7.0.9]
	at org.springframework.boot.web.server.servlet.context.ServletWebServerApplicationContext.refresh(ServletWebServerApplicationContext.java:143) ~[spring-boot-web-server-4.1.1.jar!/:4.1.1]
	at org.springframework.boot.SpringApplication.refresh(SpringApplication.java:756) ~[spring-boot-4.1.1.jar!/:4.1.1]
	at org.springframework.boot.SpringApplication.refreshContext(SpringApplication.java:445) ~[spring-boot-4.1.1.jar!/:4.1.1]
	at org.springframework.boot.SpringApplication.run(SpringApplication.java:321) ~[spring-boot-4.1.1.jar!/:4.1.1]
	at org.springframework.boot.SpringApplication.run(SpringApplication.java:1365) ~[spring-boot-4.1.1.jar!/:4.1.1]
	at org.springframework.boot.SpringApplication.run(SpringApplication.java:1354) ~[spring-boot-4.1.1.jar!/:4.1.1]
	at com.palmlawyer.PalmLawyerApplication.main(PalmLawyerApplication.java:40) ~[!/:1.0.0-SNAPSHOT]
	at java.base/jdk.internal.reflect.DirectMethodHandleAccessor.invoke(DirectMethodHandleAccessor.java:103) ~[na:na]
	at java.base/java.lang.reflect.Method.invoke(Method.java:580) ~[na:na]
	at org.springframework.boot.loader.launch.Launcher.launch(Launcher.java:106) ~[palm-lawyer-backend-1.0.0-SNAPSHOT.jar:1.0.0-SNAPSHOT]
	at org.springframework.boot.loader.launch.Launcher.launch(Launcher.java:64) ~[palm-lawyer-backend-1.0.0-SNAPSHOT.jar:1.0.0-SNAPSHOT]
	at org.springframework.boot.loader.launch.JarLauncher.main(JarLauncher.java:40) ~[palm-lawyer-backend-1.0.0-SNAPSHOT.jar:1.0.0-SNAPSHOT]

2026-08-26T09:11:45.707+08:00 DEBUG 15032 --- [palm-lawyer-backend] [main] c.b.m.core.spi.CompatibleHelper          : Load compatibleSet: com.baomidou.mybatisplus.spring.spi.SpringCompatibleSet@3c54ddec
2026-08-26T09:11:45.750+08:00 DEBUG 15032 --- [palm-lawyer-backend] [main] c.b.m.s.MybatisSqlSessionFactoryBean     : Property 'mapperLocations' was not specified.
2026-08-26T09:11:45.782+08:00  INFO 15032 --- [palm-lawyer-backend] [main] com.zaxxer.hikari.HikariDataSource       : HikariPool-1 - Starting...
2026-08-26T09:11:45.967+08:00  INFO 15032 --- [palm-lawyer-backend] [main] com.zaxxer.hikari.pool.HikariPool        : HikariPool-1 - Added connection conn0: url=jdbc:h2:mem:palm_lawyer user=SA
2026-08-26T09:11:45.969+08:00  INFO 15032 --- [palm-lawyer-backend] [main] com.zaxxer.hikari.HikariDataSource       : HikariPool-1 - Start completed.
2026-08-26T09:11:46.150+08:00  INFO 15032 --- [palm-lawyer-backend] [main] com.palmlawyer.config.LLMConfig          : 初始化 ChatModel: baseUrl=https://apihub.agnes-ai.com/v1, model=agnes-2.0-flash
2026-08-26T09:11:46.427+08:00  WARN 15032 --- [palm-lawyer-backend] [main] ConfigServletWebServerApplicationContext : Exception encountered during context initialization - cancelling refresh attempt: org.springframework.beans.factory.UnsatisfiedDependencyException: Error creating bean with name 'chatController': Unsatisfied dependency expressed through field 'chatService': Error creating bean with name 'chatService': Unsatisfied dependency expressed through field 'chatModel': Error creating bean with name 'chatModel' defined in class path resource [com/palmlawyer/config/LLMConfig.class]: Failed to instantiate [org.springframework.ai.chat.model.ChatModel]: Factory method 'chatModel' threw exception with message: At least one credential source must be specified: credential (apiKey), workloadIdentity, or adminApiKey
2026-08-26T09:11:46.428+08:00  INFO 15032 --- [palm-lawyer-backend] [main] com.zaxxer.hikari.HikariDataSource       : HikariPool-1 - Shutdown initiated...
2026-08-26T09:11:46.429+08:00  INFO 15032 --- [palm-lawyer-backend] [main] com.zaxxer.hikari.HikariDataSource       : HikariPool-1 - Shutdown completed.
2026-08-26T09:11:46.432+08:00  INFO 15032 --- [palm-lawyer-backend] [main] o.apache.catalina.core.StandardService   : Stopping service [Tomcat]
2026-08-26T09:11:46.442+08:00  INFO 15032 --- [palm-lawyer-backend] [main] .s.b.a.l.ConditionEvaluationReportLogger : 

Error starting ApplicationContext. To display the condition evaluation report re-run your application with 'debug' enabled.
2026-08-26T09:11:46.456+08:00 ERROR 15032 --- [palm-lawyer-backend] [main] o.s.boot.SpringApplication               : Application run failed

org.springframework.beans.factory.UnsatisfiedDependencyException: Error creating bean with name 'chatController': Unsatisfied dependency expressed through field 'chatService': Error creating bean with name 'chatService': Unsatisfied dependency expressed through field 'chatModel': Error creating bean with name 'chatModel' defined in class path resource [com/palmlawyer/config/LLMConfig.class]: Failed to instantiate [org.springframework.ai.chat.model.ChatModel]: Factory method 'chatModel' threw exception with message: At least one credential source must be specified: credential (apiKey), workloadIdentity, or adminApiKey
	at org.springframework.beans.factory.annotation.AutowiredAnnotationBeanPostProcessor$AutowiredFieldElement.resolveFieldValue(AutowiredAnnotationBeanPostProcessor.java:767) ~[spring-beans-7.0.9.jar!/:7.0.9]
	at org.springframework.beans.factory.annotation.AutowiredAnnotationBeanPostProcessor$AutowiredFieldElement.inject(AutowiredAnnotationBeanPostProcessor.java:748) ~[spring-beans-7.0.9.jar!/:7.0.9]
	at org.springframework.beans.factory.annotation.InjectionMetadata.inject(InjectionMetadata.java:146) ~[spring-beans-7.0.9.jar!/:7.0.9]
	at org.springframework.beans.factory.annotation.AutowiredAnnotationBeanPostProcessor.postProcessProperties(AutowiredAnnotationBeanPostProcessor.java:493) ~[spring-beans-7.0.9.jar!/:7.0.9]
	at org.springframework.beans.factory.support.AbstractAutowireCapableBeanFactory.populateBean(AbstractAutowireCapableBeanFactory.java:1444) ~[spring-beans-7.0.9.jar!/:7.0.9]
	at org.springframework.beans.factory.support.AbstractAutowireCapableBeanFactory.doCreateBean(AbstractAutowireCapableBeanFactory.java:602) ~[spring-beans-7.0.9.jar!/:7.0.9]
	at org.springframework.beans.factory.support.AbstractAutowireCapableBeanFactory.createBean(AbstractAutowireCapableBeanFactory.java:525) ~[spring-beans-7.0.9.jar!/:7.0.9]
	at org.springframework.beans.factory.support.AbstractBeanFactory.lambda$doGetBean$0(AbstractBeanFactory.java:333) ~[spring-beans-7.0.9.jar!/:7.0.9]
	at org.springframework.beans.factory.support.DefaultSingletonBeanRegistry.getSingleton(DefaultSingletonBeanRegistry.java:371) ~[spring-beans-7.0.9.jar!/:7.0.9]
	at org.springframework.beans.factory.support.AbstractBeanFactory.doGetBean(AbstractBeanFactory.java:331) ~[spring-beans-7.0.9.jar!/:7.0.9]
	at org.springframework.beans.factory.support.AbstractBeanFactory.getBean(AbstractBeanFactory.java:196) ~[spring-beans-7.0.9.jar!/:7.0.9]
	at org.springframework.beans.factory.support.DefaultListableBeanFactory.instantiateSingleton(DefaultListableBeanFactory.java:1225) ~[spring-beans-7.0.9.jar!/:7.0.9]
	at org.springframework.beans.factory.support.DefaultListableBeanFactory.preInstantiateSingleton(DefaultListableBeanFactory.java:1191) ~[spring-beans-7.0.9.jar!/:7.0.9]
	at org.springframework.beans.factory.support.DefaultListableBeanFactory.preInstantiateSingletons(DefaultListableBeanFactory.java:1121) ~[spring-beans-7.0.9.jar!/:7.0.9]
	at org.springframework.context.support.AbstractApplicationContext.finishBeanFactoryInitialization(AbstractApplicationContext.java:994) ~[spring-context-7.0.9.jar!/:7.0.9]
	at org.springframework.context.support.AbstractApplicationContext.refresh(AbstractApplicationContext.java:621) ~[spring-context-7.0.9.jar!/:7.0.9]
	at org.springframework.boot.web.server.servlet.context.ServletWebServerApplicationContext.refresh(ServletWebServerApplicationContext.java:143) ~[spring-boot-web-server-4.1.1.jar!/:4.1.1]
	at org.springframework.boot.SpringApplication.refresh(SpringApplication.java:756) ~[spring-boot-4.1.1.jar!/:4.1.1]
	at org.springframework.boot.SpringApplication.refreshContext(SpringApplication.java:445) ~[spring-boot-4.1.1.jar!/:4.1.1]
	at org.springframework.boot.SpringApplication.run(SpringApplication.java:321) ~[spring-boot-4.1.1.jar!/:4.1.1]
	at org.springframework.boot.SpringApplication.run(SpringApplication.java:1365) ~[spring-boot-4.1.1.jar!/:4.1.1]
	at org.springframework.boot.SpringApplication.run(SpringApplication.java:1354) ~[spring-boot-4.1.1.jar!/:4.1.1]
	at com.palmlawyer.PalmLawyerApplication.main(PalmLawyerApplication.java:40) ~[!/:1.0.0-SNAPSHOT]
	at java.base/jdk.internal.reflect.DirectMethodHandleAccessor.invoke(DirectMethodHandleAccessor.java:103) ~[na:na]
	at java.base/java.lang.reflect.Method.invoke(Method.java:580) ~[na:na]
	at org.springframework.boot.loader.launch.Launcher.launch(Launcher.java:106) ~[palm-lawyer-backend-1.0.0-SNAPSHOT.jar:1.0.0-SNAPSHOT]
	at org.springframework.boot.loader.launch.Launcher.launch(Launcher.java:64) ~[palm-lawyer-backend-1.0.0-SNAPSHOT.jar:1.0.0-SNAPSHOT]
	at org.springframework.boot.loader.launch.JarLauncher.main(JarLauncher.java:40) ~[palm-lawyer-backend-1.0.0-SNAPSHOT.jar:1.0.0-SNAPSHOT]
Caused by: org.springframework.beans.factory.UnsatisfiedDependencyException: Error creating bean with name 'chatService': Unsatisfied dependency expressed through field 'chatModel': Error creating bean with name 'chatModel' defined in class path resource [com/palmlawyer/config/LLMConfig.class]: Failed to instantiate [org.springframework.ai.chat.model.ChatModel]: Factory method 'chatModel' threw exception with message: At least one credential source must be specified: credential (apiKey), workloadIdentity, or adminApiKey
	at org.springframework.beans.factory.annotation.AutowiredAnnotationBeanPostProcessor$AutowiredFieldElement.resolveFieldValue(AutowiredAnnotationBeanPostProcessor.java:767) ~[spring-beans-7.0.9.jar!/:7.0.9]
	at org.springframework.beans.factory.annotation.AutowiredAnnotationBeanPostProcessor$AutowiredFieldElement.inject(AutowiredAnnotationBeanPostProcessor.java:748) ~[spring-beans-7.0.9.jar!/:7.0.9]
	at org.springframework.beans.factory.annotation.InjectionMetadata.inject(InjectionMetadata.java:146) ~[spring-beans-7.0.9.jar!/:7.0.9]
	at org.springframework.beans.factory.annotation.AutowiredAnnotationBeanPostProcessor.postProcessProperties(AutowiredAnnotationBeanPostProcessor.java:493) ~[spring-beans-7.0.9.jar!/:7.0.9]
	at org.springframework.beans.factory.support.AbstractAutowireCapableBeanFactory.populateBean(AbstractAutowireCapableBeanFactory.java:1444) ~[spring-beans-7.0.9.jar!/:7.0.9]
	at org.springframework.beans.factory.support.AbstractAutowireCapableBeanFactory.doCreateBean(AbstractAutowireCapableBeanFactory.java:602) ~[spring-beans-7.0.9.jar!/:7.0.9]
	at org.springframework.beans.factory.support.AbstractAutowireCapableBeanFactory.createBean(AbstractAutowireCapableBeanFactory.java:525) ~[spring-beans-7.0.9.jar!/:7.0.9]
	at org.springframework.beans.factory.support.AbstractBeanFactory.lambda$doGetBean$0(AbstractBeanFactory.java:333) ~[spring-beans-7.0.9.jar!/:7.0.9]
	at org.springframework.beans.factory.support.DefaultSingletonBeanRegistry.getSingleton(DefaultSingletonBeanRegistry.java:371) ~[spring-beans-7.0.9.jar!/:7.0.9]
	at org.springframework.beans.factory.support.AbstractBeanFactory.doGetBean(AbstractBeanFactory.java:331) ~[spring-beans-7.0.9.jar!/:7.0.9]
	at org.springframework.beans.factory.support.AbstractBeanFactory.getBean(AbstractBeanFactory.java:201) ~[spring-beans-7.0.9.jar!/:7.0.9]
	at org.springframework.beans.factory.support.DefaultListableBeanFactory.resolveBean(DefaultListableBeanFactory.java:1232) ~[spring-beans-7.0.9.jar!/:7.0.9]
	at org.springframework.beans.factory.support.DefaultListableBeanFactory.doResolveDependency(DefaultListableBeanFactory.java:1711) ~[spring-beans-7.0.9.jar!/:7.0.9]
	at org.springframework.beans.factory.support.DefaultListableBeanFactory.resolveDependency(DefaultListableBeanFactory.java:1658) ~[spring-beans-7.0.9.jar!/:7.0.9]
	at org.springframework.beans.factory.annotation.AutowiredAnnotationBeanPostProcessor$AutowiredFieldElement.resolveFieldValue(AutowiredAnnotationBeanPostProcessor.java:764) ~[spring-beans-7.0.9.jar!/:7.0.9]
	... 27 common frames omitted
Caused by: org.springframework.beans.factory.BeanCreationException: Error creating bean with name 'chatModel' defined in class path resource [com/palmlawyer/config/LLMConfig.class]: Failed to instantiate [org.springframework.ai.chat.model.ChatModel]: Factory method 'chatModel' threw exception with message: At least one credential source must be specified: credential (apiKey), workloadIdentity, or adminApiKey
	at org.springframework.beans.factory.support.ConstructorResolver.instantiate(ConstructorResolver.java:657) ~[spring-beans-7.0.9.jar!/:7.0.9]
	at org.springframework.beans.factory.support.ConstructorResolver.instantiateUsingFactoryMethod(ConstructorResolver.java:489) ~[spring-beans-7.0.9.jar!/:7.0.9]
	at org.springframework.beans.factory.support.AbstractAutowireCapableBeanFactory.instantiateUsingFactoryMethod(AbstractAutowireCapableBeanFactory.java:1360) ~[spring-beans-7.0.9.jar!/:7.0.9]
	at org.springframework.beans.factory.support.AbstractAutowireCapableBeanFactory.createBeanInstance(AbstractAutowireCapableBeanFactory.java:1192) ~[spring-beans-7.0.9.jar!/:7.0.9]
	at org.springframework.beans.factory.support.AbstractAutowireCapableBeanFactory.doCreateBean(AbstractAutowireCapableBeanFactory.java:565) ~[spring-beans-7.0.9.jar!/:7.0.9]
	at org.springframework.beans.factory.support.AbstractAutowireCapableBeanFactory.createBean(AbstractAutowireCapableBeanFactory.java:525) ~[spring-beans-7.0.9.jar!/:7.0.9]
	at org.springframework.beans.factory.support.AbstractBeanFactory.lambda$doGetBean$0(AbstractBeanFactory.java:333) ~[spring-beans-7.0.9.jar!/:7.0.9]
	at org.springframework.beans.factory.support.DefaultSingletonBeanRegistry.getSingleton(DefaultSingletonBeanRegistry.java:371) ~[spring-beans-7.0.9.jar!/:7.0.9]
	at org.springframework.beans.factory.support.AbstractBeanFactory.doGetBean(AbstractBeanFactory.java:331) ~[spring-beans-7.0.9.jar!/:7.0.9]
	at org.springframework.beans.factory.support.AbstractBeanFactory.getBean(AbstractBeanFactory.java:201) ~[spring-beans-7.0.9.jar!/:7.0.9]
	at org.springframework.beans.factory.support.DefaultListableBeanFactory.resolveBean(DefaultListableBeanFactory.java:1232) ~[spring-beans-7.0.9.jar!/:7.0.9]
	at org.springframework.beans.factory.support.DefaultListableBeanFactory.doResolveDependency(DefaultListableBeanFactory.java:1711) ~[spring-beans-7.0.9.jar!/:7.0.9]
	at org.springframework.beans.factory.support.DefaultListableBeanFactory.resolveDependency(DefaultListableBeanFactory.java:1658) ~[spring-beans-7.0.9.jar!/:7.0.9]
	at org.springframework.beans.factory.annotation.AutowiredAnnotationBeanPostProcessor$AutowiredFieldElement.resolveFieldValue(AutowiredAnnotationBeanPostProcessor.java:764) ~[spring-beans-7.0.9.jar!/:7.0.9]
	... 41 common frames omitted
Caused by: org.springframework.beans.BeanInstantiationException: Failed to instantiate [org.springframework.ai.chat.model.ChatModel]: Factory method 'chatModel' threw exception with message: At least one credential source must be specified: credential (apiKey), workloadIdentity, or adminApiKey
	at org.springframework.beans.factory.support.SimpleInstantiationStrategy.lambda$instantiate$0(SimpleInstantiationStrategy.java:183) ~[spring-beans-7.0.9.jar!/:7.0.9]
	at org.springframework.beans.factory.support.SimpleInstantiationStrategy.instantiateWithFactoryMethod(SimpleInstantiationStrategy.java:72) ~[spring-beans-7.0.9.jar!/:7.0.9]
	at org.springframework.beans.factory.support.SimpleInstantiationStrategy.instantiate(SimpleInstantiationStrategy.java:152) ~[spring-beans-7.0.9.jar!/:7.0.9]
	at org.springframework.beans.factory.support.ConstructorResolver.instantiate(ConstructorResolver.java:653) ~[spring-beans-7.0.9.jar!/:7.0.9]
	... 54 common frames omitted
Caused by: java.lang.IllegalStateException: At least one credential source must be specified: credential (apiKey), workloadIdentity, or adminApiKey
	at com.openai.core.ClientOptions$Builder.effectiveCredential(ClientOptions.kt:561) ~[openai-java-core-4.49.0.jar!/:4.49.0]
	at com.openai.core.ClientOptions$Builder.build(ClientOptions.kt:699) ~[openai-java-core-4.49.0.jar!/:4.49.0]
	at org.springframework.ai.openai.setup.OpenAiSetup.buildClientOptions(OpenAiSetup.java:207) ~[spring-ai-openai-2.0.1.jar!/:2.0.1]
	at org.springframework.ai.openai.setup.OpenAiSetup.setupAsyncClient(OpenAiSetup.java:145) ~[spring-ai-openai-2.0.1.jar!/:2.0.1]
	at org.springframework.ai.openai.OpenAiChatModel$Builder.lambda$build$2(OpenAiChatModel.java:1620) ~[spring-ai-openai-2.0.1.jar!/:2.0.1]
	at java.base/java.util.Objects.requireNonNullElseGet(Objects.java:334) ~[na:na]
	at org.springframework.ai.openai.OpenAiChatModel$Builder.build(OpenAiChatModel.java:1619) ~[spring-ai-openai-2.0.1.jar!/:2.0.1]
	at com.palmlawyer.config.LLMConfig.chatModel(LLMConfig.java:90) ~[!/:1.0.0-SNAPSHOT]
	at com.palmlawyer.config.LLMConfig$$SpringCGLIB$$0.CGLIB$chatModel$0(<generated>) ~[!/:1.0.0-SNAPSHOT]
	at com.palmlawyer.config.LLMConfig$$SpringCGLIB$$FastClass$$1.invoke(<generated>) ~[!/:1.0.0-SNAPSHOT]
	at org.springframework.cglib.proxy.MethodProxy.invokeSuper(MethodProxy.java:258) ~[spring-core-7.0.9.jar!/:7.0.9]
	at org.springframework.context.annotation.ConfigurationClassEnhancer$BeanMethodInterceptor.intercept(ConfigurationClassEnhancer.java:398) ~[spring-context-7.0.9.jar!/:7.0.9]
	at com.palmlawyer.config.LLMConfig$$SpringCGLIB$$0.chatModel(<generated>) ~[!/:1.0.0-SNAPSHOT]
	at java.base/jdk.internal.reflect.DirectMethodHandleAccessor.invoke(DirectMethodHandleAccessor.java:103) ~[na:na]
	at java.base/java.lang.reflect.Method.invoke(Method.java:580) ~[na:na]
	at org.springframework.beans.factory.support.SimpleInstantiationStrategy.lambda$instantiate$0(SimpleInstantiationStrategy.java:155) ~[spring-beans-7.0.9.jar!/:7.0.9]
	... 57 common frames omitted

2026-08-26T09:13:48.538+08:00  INFO 14204 --- [palm-lawyer-backend] [main] com.palmlawyer.PalmLawyerApplication     : Starting PalmLawyerApplication v1.0.0-SNAPSHOT using Java 21.0.12.1 with PID 14204 (D:\ruanjian\zsls\backend\target\palm-lawyer-backend-1.0.0-SNAPSHOT.jar started by 77161 in D:\ruanjian\zsls\backend)
2026-08-26T09:13:48.540+08:00 DEBUG 14204 --- [palm-lawyer-backend] [main] com.palmlawyer.PalmLawyerApplication     : Running with Spring Boot v4.1.1, Spring v7.0.9
2026-08-26T09:13:48.542+08:00  INFO 14204 --- [palm-lawyer-backend] [main] com.palmlawyer.PalmLawyerApplication     : No active profile set, falling back to 1 default profile: "default"
2026-08-26T09:13:49.611+08:00  INFO 14204 --- [palm-lawyer-backend] [main] o.s.boot.tomcat.TomcatWebServer          : Tomcat initialized with port 8080 (http)
2026-08-26T09:13:49.624+08:00  INFO 14204 --- [palm-lawyer-backend] [main] o.apache.catalina.core.StandardService   : Starting service [Tomcat]
2026-08-26T09:13:49.625+08:00  INFO 14204 --- [palm-lawyer-backend] [main] o.apache.catalina.core.StandardEngine    : Starting Servlet engine: [Apache Tomcat/11.0.24]
2026-08-26T09:13:49.645+08:00  INFO 14204 --- [palm-lawyer-backend] [main] b.w.c.s.WebApplicationContextInitializer : Root WebApplicationContext: initialization completed in 1052 ms
2026-08-26T09:13:49.708+08:00  INFO 14204 --- [palm-lawyer-backend] [main] c.p.s.infra.plugin.DomainPluginLoader    : 找到 1 个领域插件文件
2026-08-26T09:13:49.709+08:00 ERROR 14204 --- [palm-lawyer-backend] [main] c.p.s.infra.plugin.DomainPluginLoader    : 加载插件失败: labor-dispute.yaml

while scanning for the next token
found character '`' that cannot start any token. (Do not use ` for indentation)
 in 'reader', line 2, column 1:
    ```yaml
    ^

	at org.yaml.snakeyaml.scanner.ScannerImpl.fetchMoreTokens(ScannerImpl.java:445) ~[snakeyaml-2.2.jar!/:na]
	at org.yaml.snakeyaml.scanner.ScannerImpl.checkToken(ScannerImpl.java:238) ~[snakeyaml-2.2.jar!/:na]
	at org.yaml.snakeyaml.parser.ParserImpl$ParseImplicitDocumentStart.produce(ParserImpl.java:210) ~[snakeyaml-2.2.jar!/:na]
	at org.yaml.snakeyaml.parser.ParserImpl.peekEvent(ParserImpl.java:161) ~[snakeyaml-2.2.jar!/:na]
	at org.yaml.snakeyaml.parser.ParserImpl.checkEvent(ParserImpl.java:152) ~[snakeyaml-2.2.jar!/:na]
	at org.yaml.snakeyaml.composer.Composer.getSingleNode(Composer.java:156) ~[snakeyaml-2.2.jar!/:na]
	at org.yaml.snakeyaml.constructor.BaseConstructor.getSingleData(BaseConstructor.java:178) ~[snakeyaml-2.2.jar!/:na]
	at org.yaml.snakeyaml.Yaml.loadFromReader(Yaml.java:493) ~[snakeyaml-2.2.jar!/:na]
	at org.yaml.snakeyaml.Yaml.load(Yaml.java:434) ~[snakeyaml-2.2.jar!/:na]
	at com.palmlawyer.service.infra.plugin.DomainPluginLoader.load(DomainPluginLoader.java:37) ~[!/:1.0.0-SNAPSHOT]
	at java.base/jdk.internal.reflect.DirectMethodHandleAccessor.invoke(DirectMethodHandleAccessor.java:103) ~[na:na]
	at java.base/java.lang.reflect.Method.invoke(Method.java:580) ~[na:na]
	at org.springframework.beans.factory.annotation.InitDestroyAnnotationBeanPostProcessor$LifecycleMethod.invoke(InitDestroyAnnotationBeanPostProcessor.java:453) ~[spring-beans-7.0.9.jar!/:7.0.9]
	at org.springframework.beans.factory.annotation.InitDestroyAnnotationBeanPostProcessor$LifecycleMetadata.invokeInitMethods(InitDestroyAnnotationBeanPostProcessor.java:397) ~[spring-beans-7.0.9.jar!/:7.0.9]
	at org.springframework.beans.factory.annotation.InitDestroyAnnotationBeanPostProcessor.postProcessBeforeInitialization(InitDestroyAnnotationBeanPostProcessor.java:217) ~[spring-beans-7.0.9.jar!/:7.0.9]
	at org.springframework.beans.factory.support.AbstractAutowireCapableBeanFactory.applyBeanPostProcessorsBeforeInitialization(AbstractAutowireCapableBeanFactory.java:426) ~[spring-beans-7.0.9.jar!/:7.0.9]
	at org.springframework.beans.factory.support.AbstractAutowireCapableBeanFactory.initializeBean(AbstractAutowireCapableBeanFactory.java:1807) ~[spring-beans-7.0.9.jar!/:7.0.9]
	at org.springframework.beans.factory.support.AbstractAutowireCapableBeanFactory.doCreateBean(AbstractAutowireCapableBeanFactory.java:603) ~[spring-beans-7.0.9.jar!/:7.0.9]
	at org.springframework.beans.factory.support.AbstractAutowireCapableBeanFactory.createBean(AbstractAutowireCapableBeanFactory.java:525) ~[spring-beans-7.0.9.jar!/:7.0.9]
	at org.springframework.beans.factory.support.AbstractBeanFactory.lambda$doGetBean$0(AbstractBeanFactory.java:333) ~[spring-beans-7.0.9.jar!/:7.0.9]
	at org.springframework.beans.factory.support.DefaultSingletonBeanRegistry.getSingleton(DefaultSingletonBeanRegistry.java:371) ~[spring-beans-7.0.9.jar!/:7.0.9]
	at org.springframework.beans.factory.support.AbstractBeanFactory.doGetBean(AbstractBeanFactory.java:331) ~[spring-beans-7.0.9.jar!/:7.0.9]
	at org.springframework.beans.factory.support.AbstractBeanFactory.getBean(AbstractBeanFactory.java:201) ~[spring-beans-7.0.9.jar!/:7.0.9]
	at org.springframework.beans.factory.config.DependencyDescriptor.resolveCandidate(DependencyDescriptor.java:229) ~[spring-beans-7.0.9.jar!/:7.0.9]
	at org.springframework.beans.factory.support.DefaultListableBeanFactory.doResolveDependency(DefaultListableBeanFactory.java:1769) ~[spring-beans-7.0.9.jar!/:7.0.9]
	at org.springframework.beans.factory.support.DefaultListableBeanFactory.resolveDependency(DefaultListableBeanFactory.java:1658) ~[spring-beans-7.0.9.jar!/:7.0.9]
	at org.springframework.beans.factory.support.ConstructorResolver.resolveAutowiredArgument(ConstructorResolver.java:912) ~[spring-beans-7.0.9.jar!/:7.0.9]
	at org.springframework.beans.factory.support.ConstructorResolver.createArgumentArray(ConstructorResolver.java:791) ~[spring-beans-7.0.9.jar!/:7.0.9]
	at org.springframework.beans.factory.support.ConstructorResolver.autowireConstructor(ConstructorResolver.java:240) ~[spring-beans-7.0.9.jar!/:7.0.9]
	at org.springframework.beans.factory.support.AbstractAutowireCapableBeanFactory.autowireConstructor(AbstractAutowireCapableBeanFactory.java:1380) ~[spring-beans-7.0.9.jar!/:7.0.9]
	at org.springframework.beans.factory.support.AbstractAutowireCapableBeanFactory.createBeanInstance(AbstractAutowireCapableBeanFactory.java:1219) ~[spring-beans-7.0.9.jar!/:7.0.9]
	at org.springframework.beans.factory.support.AbstractAutowireCapableBeanFactory.doCreateBean(AbstractAutowireCapableBeanFactory.java:565) ~[spring-beans-7.0.9.jar!/:7.0.9]
	at org.springframework.beans.factory.support.AbstractAutowireCapableBeanFactory.createBean(AbstractAutowireCapableBeanFactory.java:525) ~[spring-beans-7.0.9.jar!/:7.0.9]
	at org.springframework.beans.factory.support.AbstractBeanFactory.lambda$doGetBean$0(AbstractBeanFactory.java:333) ~[spring-beans-7.0.9.jar!/:7.0.9]
	at org.springframework.beans.factory.support.DefaultSingletonBeanRegistry.getSingleton(DefaultSingletonBeanRegistry.java:371) ~[spring-beans-7.0.9.jar!/:7.0.9]
	at org.springframework.beans.factory.support.AbstractBeanFactory.doGetBean(AbstractBeanFactory.java:331) ~[spring-beans-7.0.9.jar!/:7.0.9]
	at org.springframework.beans.factory.support.AbstractBeanFactory.getBean(AbstractBeanFactory.java:196) ~[spring-beans-7.0.9.jar!/:7.0.9]
	at org.springframework.beans.factory.support.DefaultListableBeanFactory.instantiateSingleton(DefaultListableBeanFactory.java:1225) ~[spring-beans-7.0.9.jar!/:7.0.9]
	at org.springframework.beans.factory.support.DefaultListableBeanFactory.preInstantiateSingleton(DefaultListableBeanFactory.java:1191) ~[spring-beans-7.0.9.jar!/:7.0.9]
	at org.springframework.beans.factory.support.DefaultListableBeanFactory.preInstantiateSingletons(DefaultListableBeanFactory.java:1121) ~[spring-beans-7.0.9.jar!/:7.0.9]
	at org.springframework.context.support.AbstractApplicationContext.finishBeanFactoryInitialization(AbstractApplicationContext.java:994) ~[spring-context-7.0.9.jar!/:7.0.9]
	at org.springframework.context.support.AbstractApplicationContext.refresh(AbstractApplicationContext.java:621) ~[spring-context-7.0.9.jar!/:7.0.9]
	at org.springframework.boot.web.server.servlet.context.ServletWebServerApplicationContext.refresh(ServletWebServerApplicationContext.java:143) ~[spring-boot-web-server-4.1.1.jar!/:4.1.1]
	at org.springframework.boot.SpringApplication.refresh(SpringApplication.java:756) ~[spring-boot-4.1.1.jar!/:4.1.1]
	at org.springframework.boot.SpringApplication.refreshContext(SpringApplication.java:445) ~[spring-boot-4.1.1.jar!/:4.1.1]
	at org.springframework.boot.SpringApplication.run(SpringApplication.java:321) ~[spring-boot-4.1.1.jar!/:4.1.1]
	at org.springframework.boot.SpringApplication.run(SpringApplication.java:1365) ~[spring-boot-4.1.1.jar!/:4.1.1]
	at org.springframework.boot.SpringApplication.run(SpringApplication.java:1354) ~[spring-boot-4.1.1.jar!/:4.1.1]
	at com.palmlawyer.PalmLawyerApplication.main(PalmLawyerApplication.java:40) ~[!/:1.0.0-SNAPSHOT]
	at java.base/jdk.internal.reflect.DirectMethodHandleAccessor.invoke(DirectMethodHandleAccessor.java:103) ~[na:na]
	at java.base/java.lang.reflect.Method.invoke(Method.java:580) ~[na:na]
	at org.springframework.boot.loader.launch.Launcher.launch(Launcher.java:106) ~[palm-lawyer-backend-1.0.0-SNAPSHOT.jar:1.0.0-SNAPSHOT]
	at org.springframework.boot.loader.launch.Launcher.launch(Launcher.java:64) ~[palm-lawyer-backend-1.0.0-SNAPSHOT.jar:1.0.0-SNAPSHOT]
	at org.springframework.boot.loader.launch.JarLauncher.main(JarLauncher.java:40) ~[palm-lawyer-backend-1.0.0-SNAPSHOT.jar:1.0.0-SNAPSHOT]

2026-08-26T09:13:49.910+08:00 DEBUG 14204 --- [palm-lawyer-backend] [main] c.b.m.core.spi.CompatibleHelper          : Load compatibleSet: com.baomidou.mybatisplus.spring.spi.SpringCompatibleSet@3e5beab5
2026-08-26T09:13:49.955+08:00 DEBUG 14204 --- [palm-lawyer-backend] [main] c.b.m.s.MybatisSqlSessionFactoryBean     : Property 'mapperLocations' was not specified.
2026-08-26T09:13:49.987+08:00  INFO 14204 --- [palm-lawyer-backend] [main] com.zaxxer.hikari.HikariDataSource       : HikariPool-1 - Starting...
2026-08-26T09:13:50.165+08:00  INFO 14204 --- [palm-lawyer-backend] [main] com.zaxxer.hikari.pool.HikariPool        : HikariPool-1 - Added connection conn0: url=jdbc:h2:mem:palm_lawyer user=SA
2026-08-26T09:13:50.167+08:00  INFO 14204 --- [palm-lawyer-backend] [main] com.zaxxer.hikari.HikariDataSource       : HikariPool-1 - Start completed.
2026-08-26T09:13:50.350+08:00  INFO 14204 --- [palm-lawyer-backend] [main] com.palmlawyer.config.LLMConfig          : 初始化 ChatModel: baseUrl=https://apihub.agnes-ai.com/v1, model=agnes-2.0-flash
2026-08-26T09:13:50.636+08:00  INFO 14204 --- [palm-lawyer-backend] [main] com.palmlawyer.config.LLMConfig          : ChatModel 初始化完成
2026-08-26T09:13:50.747+08:00  WARN 14204 --- [palm-lawyer-backend] [main] ConfigServletWebServerApplicationContext : Exception encountered during context initialization - cancelling refresh attempt: org.springframework.beans.factory.UnsatisfiedDependencyException: Error creating bean with name 'org.springframework.boot.jackson.autoconfigure.JacksonAutoConfiguration$JacksonJsonCustomizerConfiguration': Unsatisfied dependency expressed through constructor parameter 0: Error creating bean with name 'spring.jackson-org.springframework.boot.jackson.autoconfigure.JacksonProperties': Could not bind properties to 'JacksonProperties' : prefix=spring.jackson, ignoreInvalidFields=false, ignoreUnknownFields=true
2026-08-26T09:13:50.748+08:00  INFO 14204 --- [palm-lawyer-backend] [main] com.zaxxer.hikari.HikariDataSource       : HikariPool-1 - Shutdown initiated...
2026-08-26T09:13:50.749+08:00  INFO 14204 --- [palm-lawyer-backend] [main] com.zaxxer.hikari.HikariDataSource       : HikariPool-1 - Shutdown completed.
2026-08-26T09:13:50.752+08:00  INFO 14204 --- [palm-lawyer-backend] [main] o.apache.catalina.core.StandardService   : Stopping service [Tomcat]
2026-08-26T09:13:50.762+08:00  INFO 14204 --- [palm-lawyer-backend] [main] .s.b.a.l.ConditionEvaluationReportLogger : 

Error starting ApplicationContext. To display the condition evaluation report re-run your application with 'debug' enabled.
2026-08-26T09:13:50.775+08:00 ERROR 14204 --- [palm-lawyer-backend] [main] o.s.b.d.LoggingFailureAnalysisReporter   : 

***************************
APPLICATION FAILED TO START
***************************

Description:

Failed to bind properties under 'spring.jackson.serialization' to java.util.Map<tools.jackson.databind.SerializationFeature, java.lang.Boolean>:

    Reason: failed to convert java.lang.String to tools.jackson.databind.SerializationFeature (caused by java.lang.IllegalArgumentException: No enum constant tools.jackson.databind.SerializationFeature.write-dates-as-timestamps)

Action:

Update your application's configuration. The following values are valid:

    APPLY_JSON_INCLUDE_FOR_CONTAINERS
    CLOSE_CLOSEABLE
    EAGER_SERIALIZER_FETCH
    FAIL_ON_EMPTY_BEANS
    FAIL_ON_ORDER_MAP_BY_INCOMPARABLE_KEY
    FAIL_ON_SELF_REFERENCES
    FAIL_ON_UNWRAPPED_TYPE_IDENTIFIERS
    FLUSH_AFTER_WRITE_VALUE
    INDENT_OUTPUT
    ORDER_MAP_ENTRIES_BY_KEYS
    USE_EQUALITY_FOR_OBJECT_ID
    WRAP_EXCEPTIONS
    WRAP_ROOT_VALUE
    WRITE_CHAR_ARRAYS_AS_JSON_ARRAYS
    WRITE_EMPTY_JSON_ARRAYS
    WRITE_SELF_REFERENCES_AS_NULL
    WRITE_SINGLE_ELEM_ARRAYS_UNWRAPPED

2026-08-26T09:14:46.943+08:00  INFO 23420 --- [palm-lawyer-backend] [main] com.palmlawyer.PalmLawyerApplication     : Starting PalmLawyerApplication v1.0.0-SNAPSHOT using Java 21.0.12.1 with PID 23420 (D:\ruanjian\zsls\backend\target\palm-lawyer-backend-1.0.0-SNAPSHOT.jar started by 77161 in D:\ruanjian\zsls\backend)
2026-08-26T09:14:46.947+08:00 DEBUG 23420 --- [palm-lawyer-backend] [main] com.palmlawyer.PalmLawyerApplication     : Running with Spring Boot v4.1.1, Spring v7.0.9
2026-08-26T09:14:46.948+08:00  INFO 23420 --- [palm-lawyer-backend] [main] com.palmlawyer.PalmLawyerApplication     : No active profile set, falling back to 1 default profile: "default"
2026-08-26T09:14:48.029+08:00  INFO 23420 --- [palm-lawyer-backend] [main] o.s.boot.tomcat.TomcatWebServer          : Tomcat initialized with port 8080 (http)
2026-08-26T09:14:48.042+08:00  INFO 23420 --- [palm-lawyer-backend] [main] o.apache.catalina.core.StandardService   : Starting service [Tomcat]
2026-08-26T09:14:48.042+08:00  INFO 23420 --- [palm-lawyer-backend] [main] o.apache.catalina.core.StandardEngine    : Starting Servlet engine: [Apache Tomcat/11.0.24]
2026-08-26T09:14:48.063+08:00  INFO 23420 --- [palm-lawyer-backend] [main] b.w.c.s.WebApplicationContextInitializer : Root WebApplicationContext: initialization completed in 1066 ms
2026-08-26T09:14:48.126+08:00  INFO 23420 --- [palm-lawyer-backend] [main] c.p.s.infra.plugin.DomainPluginLoader    : 找到 1 个领域插件文件
2026-08-26T09:14:48.127+08:00 ERROR 23420 --- [palm-lawyer-backend] [main] c.p.s.infra.plugin.DomainPluginLoader    : 加载插件失败: labor-dispute.yaml

while scanning for the next token
found character '`' that cannot start any token. (Do not use ` for indentation)
 in 'reader', line 2, column 1:
    ```yaml
    ^

	at org.yaml.snakeyaml.scanner.ScannerImpl.fetchMoreTokens(ScannerImpl.java:445) ~[snakeyaml-2.2.jar!/:na]
	at org.yaml.snakeyaml.scanner.ScannerImpl.checkToken(ScannerImpl.java:238) ~[snakeyaml-2.2.jar!/:na]
	at org.yaml.snakeyaml.parser.ParserImpl$ParseImplicitDocumentStart.produce(ParserImpl.java:210) ~[snakeyaml-2.2.jar!/:na]
	at org.yaml.snakeyaml.parser.ParserImpl.peekEvent(ParserImpl.java:161) ~[snakeyaml-2.2.jar!/:na]
	at org.yaml.snakeyaml.parser.ParserImpl.checkEvent(ParserImpl.java:152) ~[snakeyaml-2.2.jar!/:na]
	at org.yaml.snakeyaml.composer.Composer.getSingleNode(Composer.java:156) ~[snakeyaml-2.2.jar!/:na]
	at org.yaml.snakeyaml.constructor.BaseConstructor.getSingleData(BaseConstructor.java:178) ~[snakeyaml-2.2.jar!/:na]
	at org.yaml.snakeyaml.Yaml.loadFromReader(Yaml.java:493) ~[snakeyaml-2.2.jar!/:na]
	at org.yaml.snakeyaml.Yaml.load(Yaml.java:434) ~[snakeyaml-2.2.jar!/:na]
	at com.palmlawyer.service.infra.plugin.DomainPluginLoader.load(DomainPluginLoader.java:37) ~[!/:1.0.0-SNAPSHOT]
	at java.base/jdk.internal.reflect.DirectMethodHandleAccessor.invoke(DirectMethodHandleAccessor.java:103) ~[na:na]
	at java.base/java.lang.reflect.Method.invoke(Method.java:580) ~[na:na]
	at org.springframework.beans.factory.annotation.InitDestroyAnnotationBeanPostProcessor$LifecycleMethod.invoke(InitDestroyAnnotationBeanPostProcessor.java:453) ~[spring-beans-7.0.9.jar!/:7.0.9]
	at org.springframework.beans.factory.annotation.InitDestroyAnnotationBeanPostProcessor$LifecycleMetadata.invokeInitMethods(InitDestroyAnnotationBeanPostProcessor.java:397) ~[spring-beans-7.0.9.jar!/:7.0.9]
	at org.springframework.beans.factory.annotation.InitDestroyAnnotationBeanPostProcessor.postProcessBeforeInitialization(InitDestroyAnnotationBeanPostProcessor.java:217) ~[spring-beans-7.0.9.jar!/:7.0.9]
	at org.springframework.beans.factory.support.AbstractAutowireCapableBeanFactory.applyBeanPostProcessorsBeforeInitialization(AbstractAutowireCapableBeanFactory.java:426) ~[spring-beans-7.0.9.jar!/:7.0.9]
	at org.springframework.beans.factory.support.AbstractAutowireCapableBeanFactory.initializeBean(AbstractAutowireCapableBeanFactory.java:1807) ~[spring-beans-7.0.9.jar!/:7.0.9]
	at org.springframework.beans.factory.support.AbstractAutowireCapableBeanFactory.doCreateBean(AbstractAutowireCapableBeanFactory.java:603) ~[spring-beans-7.0.9.jar!/:7.0.9]
	at org.springframework.beans.factory.support.AbstractAutowireCapableBeanFactory.createBean(AbstractAutowireCapableBeanFactory.java:525) ~[spring-beans-7.0.9.jar!/:7.0.9]
	at org.springframework.beans.factory.support.AbstractBeanFactory.lambda$doGetBean$0(AbstractBeanFactory.java:333) ~[spring-beans-7.0.9.jar!/:7.0.9]
	at org.springframework.beans.factory.support.DefaultSingletonBeanRegistry.getSingleton(DefaultSingletonBeanRegistry.java:371) ~[spring-beans-7.0.9.jar!/:7.0.9]
	at org.springframework.beans.factory.support.AbstractBeanFactory.doGetBean(AbstractBeanFactory.java:331) ~[spring-beans-7.0.9.jar!/:7.0.9]
	at org.springframework.beans.factory.support.AbstractBeanFactory.getBean(AbstractBeanFactory.java:201) ~[spring-beans-7.0.9.jar!/:7.0.9]
	at org.springframework.beans.factory.config.DependencyDescriptor.resolveCandidate(DependencyDescriptor.java:229) ~[spring-beans-7.0.9.jar!/:7.0.9]
	at org.springframework.beans.factory.support.DefaultListableBeanFactory.doResolveDependency(DefaultListableBeanFactory.java:1769) ~[spring-beans-7.0.9.jar!/:7.0.9]
	at org.springframework.beans.factory.support.DefaultListableBeanFactory.resolveDependency(DefaultListableBeanFactory.java:1658) ~[spring-beans-7.0.9.jar!/:7.0.9]
	at org.springframework.beans.factory.support.ConstructorResolver.resolveAutowiredArgument(ConstructorResolver.java:912) ~[spring-beans-7.0.9.jar!/:7.0.9]
	at org.springframework.beans.factory.support.ConstructorResolver.createArgumentArray(ConstructorResolver.java:791) ~[spring-beans-7.0.9.jar!/:7.0.9]
	at org.springframework.beans.factory.support.ConstructorResolver.autowireConstructor(ConstructorResolver.java:240) ~[spring-beans-7.0.9.jar!/:7.0.9]
	at org.springframework.beans.factory.support.AbstractAutowireCapableBeanFactory.autowireConstructor(AbstractAutowireCapableBeanFactory.java:1380) ~[spring-beans-7.0.9.jar!/:7.0.9]
	at org.springframework.beans.factory.support.AbstractAutowireCapableBeanFactory.createBeanInstance(AbstractAutowireCapableBeanFactory.java:1219) ~[spring-beans-7.0.9.jar!/:7.0.9]
	at org.springframework.beans.factory.support.AbstractAutowireCapableBeanFactory.doCreateBean(AbstractAutowireCapableBeanFactory.java:565) ~[spring-beans-7.0.9.jar!/:7.0.9]
	at org.springframework.beans.factory.support.AbstractAutowireCapableBeanFactory.createBean(AbstractAutowireCapableBeanFactory.java:525) ~[spring-beans-7.0.9.jar!/:7.0.9]
	at org.springframework.beans.factory.support.AbstractBeanFactory.lambda$doGetBean$0(AbstractBeanFactory.java:333) ~[spring-beans-7.0.9.jar!/:7.0.9]
	at org.springframework.beans.factory.support.DefaultSingletonBeanRegistry.getSingleton(DefaultSingletonBeanRegistry.java:371) ~[spring-beans-7.0.9.jar!/:7.0.9]
	at org.springframework.beans.factory.support.AbstractBeanFactory.doGetBean(AbstractBeanFactory.java:331) ~[spring-beans-7.0.9.jar!/:7.0.9]
	at org.springframework.beans.factory.support.AbstractBeanFactory.getBean(AbstractBeanFactory.java:196) ~[spring-beans-7.0.9.jar!/:7.0.9]
	at org.springframework.beans.factory.support.DefaultListableBeanFactory.instantiateSingleton(DefaultListableBeanFactory.java:1225) ~[spring-beans-7.0.9.jar!/:7.0.9]
	at org.springframework.beans.factory.support.DefaultListableBeanFactory.preInstantiateSingleton(DefaultListableBeanFactory.java:1191) ~[spring-beans-7.0.9.jar!/:7.0.9]
	at org.springframework.beans.factory.support.DefaultListableBeanFactory.preInstantiateSingletons(DefaultListableBeanFactory.java:1121) ~[spring-beans-7.0.9.jar!/:7.0.9]
	at org.springframework.context.support.AbstractApplicationContext.finishBeanFactoryInitialization(AbstractApplicationContext.java:994) ~[spring-context-7.0.9.jar!/:7.0.9]
	at org.springframework.context.support.AbstractApplicationContext.refresh(AbstractApplicationContext.java:621) ~[spring-context-7.0.9.jar!/:7.0.9]
	at org.springframework.boot.web.server.servlet.context.ServletWebServerApplicationContext.refresh(ServletWebServerApplicationContext.java:143) ~[spring-boot-web-server-4.1.1.jar!/:4.1.1]
	at org.springframework.boot.SpringApplication.refresh(SpringApplication.java:756) ~[spring-boot-4.1.1.jar!/:4.1.1]
	at org.springframework.boot.SpringApplication.refreshContext(SpringApplication.java:445) ~[spring-boot-4.1.1.jar!/:4.1.1]
	at org.springframework.boot.SpringApplication.run(SpringApplication.java:321) ~[spring-boot-4.1.1.jar!/:4.1.1]
	at org.springframework.boot.SpringApplication.run(SpringApplication.java:1365) ~[spring-boot-4.1.1.jar!/:4.1.1]
	at org.springframework.boot.SpringApplication.run(SpringApplication.java:1354) ~[spring-boot-4.1.1.jar!/:4.1.1]
	at com.palmlawyer.PalmLawyerApplication.main(PalmLawyerApplication.java:40) ~[!/:1.0.0-SNAPSHOT]
	at java.base/jdk.internal.reflect.DirectMethodHandleAccessor.invoke(DirectMethodHandleAccessor.java:103) ~[na:na]
	at java.base/java.lang.reflect.Method.invoke(Method.java:580) ~[na:na]
	at org.springframework.boot.loader.launch.Launcher.launch(Launcher.java:106) ~[palm-lawyer-backend-1.0.0-SNAPSHOT.jar:1.0.0-SNAPSHOT]
	at org.springframework.boot.loader.launch.Launcher.launch(Launcher.java:64) ~[palm-lawyer-backend-1.0.0-SNAPSHOT.jar:1.0.0-SNAPSHOT]
	at org.springframework.boot.loader.launch.JarLauncher.main(JarLauncher.java:40) ~[palm-lawyer-backend-1.0.0-SNAPSHOT.jar:1.0.0-SNAPSHOT]

2026-08-26T09:14:48.340+08:00 DEBUG 23420 --- [palm-lawyer-backend] [main] c.b.m.core.spi.CompatibleHelper          : Load compatibleSet: com.baomidou.mybatisplus.spring.spi.SpringCompatibleSet@1e226bcd
2026-08-26T09:14:48.386+08:00 DEBUG 23420 --- [palm-lawyer-backend] [main] c.b.m.s.MybatisSqlSessionFactoryBean     : Property 'mapperLocations' was not specified.
2026-08-26T09:14:48.419+08:00  INFO 23420 --- [palm-lawyer-backend] [main] com.zaxxer.hikari.HikariDataSource       : HikariPool-1 - Starting...
2026-08-26T09:14:48.602+08:00  INFO 23420 --- [palm-lawyer-backend] [main] com.zaxxer.hikari.pool.HikariPool        : HikariPool-1 - Added connection conn0: url=jdbc:h2:mem:palm_lawyer user=SA
2026-08-26T09:14:48.604+08:00  INFO 23420 --- [palm-lawyer-backend] [main] com.zaxxer.hikari.HikariDataSource       : HikariPool-1 - Start completed.
2026-08-26T09:14:48.794+08:00  INFO 23420 --- [palm-lawyer-backend] [main] com.palmlawyer.config.LLMConfig          : 初始化 ChatModel: baseUrl=https://apihub.agnes-ai.com/v1, model=agnes-2.0-flash
2026-08-26T09:14:49.100+08:00  INFO 23420 --- [palm-lawyer-backend] [main] com.palmlawyer.config.LLMConfig          : ChatModel 初始化完成
2026-08-26T09:14:49.218+08:00  WARN 23420 --- [palm-lawyer-backend] [main] ConfigServletWebServerApplicationContext : Exception encountered during context initialization - cancelling refresh attempt: org.springframework.beans.factory.UnsatisfiedDependencyException: Error creating bean with name 'org.springframework.boot.jackson.autoconfigure.JacksonAutoConfiguration$JacksonJsonCustomizerConfiguration': Unsatisfied dependency expressed through constructor parameter 0: Error creating bean with name 'spring.jackson-org.springframework.boot.jackson.autoconfigure.JacksonProperties': Could not bind properties to 'JacksonProperties' : prefix=spring.jackson, ignoreInvalidFields=false, ignoreUnknownFields=true
2026-08-26T09:14:49.219+08:00  INFO 23420 --- [palm-lawyer-backend] [main] com.zaxxer.hikari.HikariDataSource       : HikariPool-1 - Shutdown initiated...
2026-08-26T09:14:49.220+08:00  INFO 23420 --- [palm-lawyer-backend] [main] com.zaxxer.hikari.HikariDataSource       : HikariPool-1 - Shutdown completed.
2026-08-26T09:14:49.223+08:00  INFO 23420 --- [palm-lawyer-backend] [main] o.apache.catalina.core.StandardService   : Stopping service [Tomcat]
2026-08-26T09:14:49.233+08:00  INFO 23420 --- [palm-lawyer-backend] [main] .s.b.a.l.ConditionEvaluationReportLogger : 

Error starting ApplicationContext. To display the condition evaluation report re-run your application with 'debug' enabled.
2026-08-26T09:14:49.247+08:00 ERROR 23420 --- [palm-lawyer-backend] [main] o.s.b.d.LoggingFailureAnalysisReporter   : 

***************************
APPLICATION FAILED TO START
***************************

Description:

Failed to bind properties under 'spring.jackson.serialization' to java.util.Map<tools.jackson.databind.SerializationFeature, java.lang.Boolean>:

    Reason: failed to convert java.lang.String to tools.jackson.databind.SerializationFeature (caused by java.lang.IllegalArgumentException: No enum constant tools.jackson.databind.SerializationFeature.WRITE_DATES_AS_TIMESTAMPS)

Action:

Update your application's configuration. The following values are valid:

    APPLY_JSON_INCLUDE_FOR_CONTAINERS
    CLOSE_CLOSEABLE
    EAGER_SERIALIZER_FETCH
    FAIL_ON_EMPTY_BEANS
    FAIL_ON_ORDER_MAP_BY_INCOMPARABLE_KEY
    FAIL_ON_SELF_REFERENCES
    FAIL_ON_UNWRAPPED_TYPE_IDENTIFIERS
    FLUSH_AFTER_WRITE_VALUE
    INDENT_OUTPUT
    ORDER_MAP_ENTRIES_BY_KEYS
    USE_EQUALITY_FOR_OBJECT_ID
    WRAP_EXCEPTIONS
    WRAP_ROOT_VALUE
    WRITE_CHAR_ARRAYS_AS_JSON_ARRAYS
    WRITE_EMPTY_JSON_ARRAYS
    WRITE_SELF_REFERENCES_AS_NULL
    WRITE_SINGLE_ELEM_ARRAYS_UNWRAPPED

2026-08-26T09:15:44.236+08:00  INFO 20792 --- [palm-lawyer-backend] [main] com.palmlawyer.PalmLawyerApplication     : Starting PalmLawyerApplication v1.0.0-SNAPSHOT using Java 21.0.12.1 with PID 20792 (D:\ruanjian\zsls\backend\target\palm-lawyer-backend-1.0.0-SNAPSHOT.jar started by 77161 in D:\ruanjian\zsls\backend)
2026-08-26T09:15:44.239+08:00 DEBUG 20792 --- [palm-lawyer-backend] [main] com.palmlawyer.PalmLawyerApplication     : Running with Spring Boot v4.1.1, Spring v7.0.9
2026-08-26T09:15:44.240+08:00  INFO 20792 --- [palm-lawyer-backend] [main] com.palmlawyer.PalmLawyerApplication     : No active profile set, falling back to 1 default profile: "default"
2026-08-26T09:15:45.364+08:00  INFO 20792 --- [palm-lawyer-backend] [main] o.s.boot.tomcat.TomcatWebServer          : Tomcat initialized with port 8080 (http)
2026-08-26T09:15:45.378+08:00  INFO 20792 --- [palm-lawyer-backend] [main] o.apache.catalina.core.StandardService   : Starting service [Tomcat]
2026-08-26T09:15:45.378+08:00  INFO 20792 --- [palm-lawyer-backend] [main] o.apache.catalina.core.StandardEngine    : Starting Servlet engine: [Apache Tomcat/11.0.24]
2026-08-26T09:15:45.399+08:00  INFO 20792 --- [palm-lawyer-backend] [main] b.w.c.s.WebApplicationContextInitializer : Root WebApplicationContext: initialization completed in 1115 ms
2026-08-26T09:15:45.462+08:00  INFO 20792 --- [palm-lawyer-backend] [main] c.p.s.infra.plugin.DomainPluginLoader    : 找到 1 个领域插件文件
2026-08-26T09:15:45.463+08:00 ERROR 20792 --- [palm-lawyer-backend] [main] c.p.s.infra.plugin.DomainPluginLoader    : 加载插件失败: labor-dispute.yaml

while scanning for the next token
found character '`' that cannot start any token. (Do not use ` for indentation)
 in 'reader', line 2, column 1:
    ```yaml
    ^

	at org.yaml.snakeyaml.scanner.ScannerImpl.fetchMoreTokens(ScannerImpl.java:445) ~[snakeyaml-2.2.jar!/:na]
	at org.yaml.snakeyaml.scanner.ScannerImpl.checkToken(ScannerImpl.java:238) ~[snakeyaml-2.2.jar!/:na]
	at org.yaml.snakeyaml.parser.ParserImpl$ParseImplicitDocumentStart.produce(ParserImpl.java:210) ~[snakeyaml-2.2.jar!/:na]
	at org.yaml.snakeyaml.parser.ParserImpl.peekEvent(ParserImpl.java:161) ~[snakeyaml-2.2.jar!/:na]
	at org.yaml.snakeyaml.parser.ParserImpl.checkEvent(ParserImpl.java:152) ~[snakeyaml-2.2.jar!/:na]
	at org.yaml.snakeyaml.composer.Composer.getSingleNode(Composer.java:156) ~[snakeyaml-2.2.jar!/:na]
	at org.yaml.snakeyaml.constructor.BaseConstructor.getSingleData(BaseConstructor.java:178) ~[snakeyaml-2.2.jar!/:na]
	at org.yaml.snakeyaml.Yaml.loadFromReader(Yaml.java:493) ~[snakeyaml-2.2.jar!/:na]
	at org.yaml.snakeyaml.Yaml.load(Yaml.java:434) ~[snakeyaml-2.2.jar!/:na]
	at com.palmlawyer.service.infra.plugin.DomainPluginLoader.load(DomainPluginLoader.java:37) ~[!/:1.0.0-SNAPSHOT]
	at java.base/jdk.internal.reflect.DirectMethodHandleAccessor.invoke(DirectMethodHandleAccessor.java:103) ~[na:na]
	at java.base/java.lang.reflect.Method.invoke(Method.java:580) ~[na:na]
	at org.springframework.beans.factory.annotation.InitDestroyAnnotationBeanPostProcessor$LifecycleMethod.invoke(InitDestroyAnnotationBeanPostProcessor.java:453) ~[spring-beans-7.0.9.jar!/:7.0.9]
	at org.springframework.beans.factory.annotation.InitDestroyAnnotationBeanPostProcessor$LifecycleMetadata.invokeInitMethods(InitDestroyAnnotationBeanPostProcessor.java:397) ~[spring-beans-7.0.9.jar!/:7.0.9]
	at org.springframework.beans.factory.annotation.InitDestroyAnnotationBeanPostProcessor.postProcessBeforeInitialization(InitDestroyAnnotationBeanPostProcessor.java:217) ~[spring-beans-7.0.9.jar!/:7.0.9]
	at org.springframework.beans.factory.support.AbstractAutowireCapableBeanFactory.applyBeanPostProcessorsBeforeInitialization(AbstractAutowireCapableBeanFactory.java:426) ~[spring-beans-7.0.9.jar!/:7.0.9]
	at org.springframework.beans.factory.support.AbstractAutowireCapableBeanFactory.initializeBean(AbstractAutowireCapableBeanFactory.java:1807) ~[spring-beans-7.0.9.jar!/:7.0.9]
	at org.springframework.beans.factory.support.AbstractAutowireCapableBeanFactory.doCreateBean(AbstractAutowireCapableBeanFactory.java:603) ~[spring-beans-7.0.9.jar!/:7.0.9]
	at org.springframework.beans.factory.support.AbstractAutowireCapableBeanFactory.createBean(AbstractAutowireCapableBeanFactory.java:525) ~[spring-beans-7.0.9.jar!/:7.0.9]
	at org.springframework.beans.factory.support.AbstractBeanFactory.lambda$doGetBean$0(AbstractBeanFactory.java:333) ~[spring-beans-7.0.9.jar!/:7.0.9]
	at org.springframework.beans.factory.support.DefaultSingletonBeanRegistry.getSingleton(DefaultSingletonBeanRegistry.java:371) ~[spring-beans-7.0.9.jar!/:7.0.9]
	at org.springframework.beans.factory.support.AbstractBeanFactory.doGetBean(AbstractBeanFactory.java:331) ~[spring-beans-7.0.9.jar!/:7.0.9]
	at org.springframework.beans.factory.support.AbstractBeanFactory.getBean(AbstractBeanFactory.java:201) ~[spring-beans-7.0.9.jar!/:7.0.9]
	at org.springframework.beans.factory.config.DependencyDescriptor.resolveCandidate(DependencyDescriptor.java:229) ~[spring-beans-7.0.9.jar!/:7.0.9]
	at org.springframework.beans.factory.support.DefaultListableBeanFactory.doResolveDependency(DefaultListableBeanFactory.java:1769) ~[spring-beans-7.0.9.jar!/:7.0.9]
	at org.springframework.beans.factory.support.DefaultListableBeanFactory.resolveDependency(DefaultListableBeanFactory.java:1658) ~[spring-beans-7.0.9.jar!/:7.0.9]
	at org.springframework.beans.factory.support.ConstructorResolver.resolveAutowiredArgument(ConstructorResolver.java:912) ~[spring-beans-7.0.9.jar!/:7.0.9]
	at org.springframework.beans.factory.support.ConstructorResolver.createArgumentArray(ConstructorResolver.java:791) ~[spring-beans-7.0.9.jar!/:7.0.9]
	at org.springframework.beans.factory.support.ConstructorResolver.autowireConstructor(ConstructorResolver.java:240) ~[spring-beans-7.0.9.jar!/:7.0.9]
	at org.springframework.beans.factory.support.AbstractAutowireCapableBeanFactory.autowireConstructor(AbstractAutowireCapableBeanFactory.java:1380) ~[spring-beans-7.0.9.jar!/:7.0.9]
	at org.springframework.beans.factory.support.AbstractAutowireCapableBeanFactory.createBeanInstance(AbstractAutowireCapableBeanFactory.java:1219) ~[spring-beans-7.0.9.jar!/:7.0.9]
	at org.springframework.beans.factory.support.AbstractAutowireCapableBeanFactory.doCreateBean(AbstractAutowireCapableBeanFactory.java:565) ~[spring-beans-7.0.9.jar!/:7.0.9]
	at org.springframework.beans.factory.support.AbstractAutowireCapableBeanFactory.createBean(AbstractAutowireCapableBeanFactory.java:525) ~[spring-beans-7.0.9.jar!/:7.0.9]
	at org.springframework.beans.factory.support.AbstractBeanFactory.lambda$doGetBean$0(AbstractBeanFactory.java:333) ~[spring-beans-7.0.9.jar!/:7.0.9]
	at org.springframework.beans.factory.support.DefaultSingletonBeanRegistry.getSingleton(DefaultSingletonBeanRegistry.java:371) ~[spring-beans-7.0.9.jar!/:7.0.9]
	at org.springframework.beans.factory.support.AbstractBeanFactory.doGetBean(AbstractBeanFactory.java:331) ~[spring-beans-7.0.9.jar!/:7.0.9]
	at org.springframework.beans.factory.support.AbstractBeanFactory.getBean(AbstractBeanFactory.java:196) ~[spring-beans-7.0.9.jar!/:7.0.9]
	at org.springframework.beans.factory.support.DefaultListableBeanFactory.instantiateSingleton(DefaultListableBeanFactory.java:1225) ~[spring-beans-7.0.9.jar!/:7.0.9]
	at org.springframework.beans.factory.support.DefaultListableBeanFactory.preInstantiateSingleton(DefaultListableBeanFactory.java:1191) ~[spring-beans-7.0.9.jar!/:7.0.9]
	at org.springframework.beans.factory.support.DefaultListableBeanFactory.preInstantiateSingletons(DefaultListableBeanFactory.java:1121) ~[spring-beans-7.0.9.jar!/:7.0.9]
	at org.springframework.context.support.AbstractApplicationContext.finishBeanFactoryInitialization(AbstractApplicationContext.java:994) ~[spring-context-7.0.9.jar!/:7.0.9]
	at org.springframework.context.support.AbstractApplicationContext.refresh(AbstractApplicationContext.java:621) ~[spring-context-7.0.9.jar!/:7.0.9]
	at org.springframework.boot.web.server.servlet.context.ServletWebServerApplicationContext.refresh(ServletWebServerApplicationContext.java:143) ~[spring-boot-web-server-4.1.1.jar!/:4.1.1]
	at org.springframework.boot.SpringApplication.refresh(SpringApplication.java:756) ~[spring-boot-4.1.1.jar!/:4.1.1]
	at org.springframework.boot.SpringApplication.refreshContext(SpringApplication.java:445) ~[spring-boot-4.1.1.jar!/:4.1.1]
	at org.springframework.boot.SpringApplication.run(SpringApplication.java:321) ~[spring-boot-4.1.1.jar!/:4.1.1]
	at org.springframework.boot.SpringApplication.run(SpringApplication.java:1365) ~[spring-boot-4.1.1.jar!/:4.1.1]
	at org.springframework.boot.SpringApplication.run(SpringApplication.java:1354) ~[spring-boot-4.1.1.jar!/:4.1.1]
	at com.palmlawyer.PalmLawyerApplication.main(PalmLawyerApplication.java:40) ~[!/:1.0.0-SNAPSHOT]
	at java.base/jdk.internal.reflect.DirectMethodHandleAccessor.invoke(DirectMethodHandleAccessor.java:103) ~[na:na]
	at java.base/java.lang.reflect.Method.invoke(Method.java:580) ~[na:na]
	at org.springframework.boot.loader.launch.Launcher.launch(Launcher.java:106) ~[palm-lawyer-backend-1.0.0-SNAPSHOT.jar:1.0.0-SNAPSHOT]
	at org.springframework.boot.loader.launch.Launcher.launch(Launcher.java:64) ~[palm-lawyer-backend-1.0.0-SNAPSHOT.jar:1.0.0-SNAPSHOT]
	at org.springframework.boot.loader.launch.JarLauncher.main(JarLauncher.java:40) ~[palm-lawyer-backend-1.0.0-SNAPSHOT.jar:1.0.0-SNAPSHOT]

2026-08-26T09:15:45.678+08:00 DEBUG 20792 --- [palm-lawyer-backend] [main] c.b.m.core.spi.CompatibleHelper          : Load compatibleSet: com.baomidou.mybatisplus.spring.spi.SpringCompatibleSet@1e226bcd
2026-08-26T09:15:45.724+08:00 DEBUG 20792 --- [palm-lawyer-backend] [main] c.b.m.s.MybatisSqlSessionFactoryBean     : Property 'mapperLocations' was not specified.
2026-08-26T09:15:45.756+08:00  INFO 20792 --- [palm-lawyer-backend] [main] com.zaxxer.hikari.HikariDataSource       : HikariPool-1 - Starting...
2026-08-26T09:15:45.943+08:00  INFO 20792 --- [palm-lawyer-backend] [main] com.zaxxer.hikari.pool.HikariPool        : HikariPool-1 - Added connection conn0: url=jdbc:h2:mem:palm_lawyer user=SA
2026-08-26T09:15:45.945+08:00  INFO 20792 --- [palm-lawyer-backend] [main] com.zaxxer.hikari.HikariDataSource       : HikariPool-1 - Start completed.
2026-08-26T09:15:46.134+08:00  INFO 20792 --- [palm-lawyer-backend] [main] com.palmlawyer.config.LLMConfig          : 初始化 ChatModel: baseUrl=https://apihub.agnes-ai.com/v1, model=agnes-2.0-flash
2026-08-26T09:15:46.427+08:00  INFO 20792 --- [palm-lawyer-backend] [main] com.palmlawyer.config.LLMConfig          : ChatModel 初始化完成
2026-08-26T09:15:46.805+08:00  INFO 20792 --- [palm-lawyer-backend] [main] b.m.s.MybatisPlusApplicationContextAware : Register ApplicationContext instances org.springframework.boot.web.server.servlet.context.AnnotationConfigServletWebServerApplicationContext@319988b0
2026-08-26T09:15:46.927+08:00  INFO 20792 --- [palm-lawyer-backend] [main] o.s.boot.tomcat.TomcatWebServer          : Tomcat started on port 8080 (http) with context path '/api/v1'
2026-08-26T09:15:46.933+08:00  INFO 20792 --- [palm-lawyer-backend] [main] com.palmlawyer.PalmLawyerApplication     : Started PalmLawyerApplication in 3.164 seconds (process running for 3.654)
2026-08-26T09:16:20.972+08:00  INFO 20792 --- [palm-lawyer-backend] [http-nio-8080-exec-1] o.a.c.c.C.[.[localhost].[/api/v1]        : Initializing Spring DispatcherServlet 'dispatcherServlet'
2026-08-26T09:16:20.973+08:00  INFO 20792 --- [palm-lawyer-backend] [http-nio-8080-exec-1] o.s.web.servlet.DispatcherServlet        : Initializing Servlet 'dispatcherServlet'
2026-08-26T09:16:20.974+08:00  INFO 20792 --- [palm-lawyer-backend] [http-nio-8080-exec-1] o.s.web.servlet.DispatcherServlet        : Completed initialization in 1 ms
2026-08-26T09:18:44.940+08:00  INFO 6296 --- [palm-lawyer-backend] [main] com.palmlawyer.PalmLawyerApplication     : Starting PalmLawyerApplication v1.0.0-SNAPSHOT using Java 21.0.12.1 with PID 6296 (D:\ruanjian\zsls\backend\target\palm-lawyer-backend-1.0.0-SNAPSHOT.jar started by 77161 in D:\ruanjian\zsls\backend)
2026-08-26T09:18:44.944+08:00 DEBUG 6296 --- [palm-lawyer-backend] [main] com.palmlawyer.PalmLawyerApplication     : Running with Spring Boot v4.1.1, Spring v7.0.9
2026-08-26T09:18:44.945+08:00  INFO 6296 --- [palm-lawyer-backend] [main] com.palmlawyer.PalmLawyerApplication     : No active profile set, falling back to 1 default profile: "default"
2026-08-26T09:18:46.024+08:00  INFO 6296 --- [palm-lawyer-backend] [main] o.s.boot.tomcat.TomcatWebServer          : Tomcat initialized with port 8080 (http)
2026-08-26T09:18:46.037+08:00  INFO 6296 --- [palm-lawyer-backend] [main] o.apache.catalina.core.StandardService   : Starting service [Tomcat]
2026-08-26T09:18:46.038+08:00  INFO 6296 --- [palm-lawyer-backend] [main] o.apache.catalina.core.StandardEngine    : Starting Servlet engine: [Apache Tomcat/11.0.24]
2026-08-26T09:18:46.061+08:00  INFO 6296 --- [palm-lawyer-backend] [main] b.w.c.s.WebApplicationContextInitializer : Root WebApplicationContext: initialization completed in 1066 ms
2026-08-26T09:18:46.120+08:00  INFO 6296 --- [palm-lawyer-backend] [main] c.p.s.infra.plugin.DomainPluginLoader    : 找到 1 个领域插件文件
2026-08-26T09:18:46.141+08:00  INFO 6296 --- [palm-lawyer-backend] [main] c.p.s.infra.plugin.DomainPluginLoader    : 已加载插件: LABOR (劳动纠纷)
2026-08-26T09:18:46.338+08:00 DEBUG 6296 --- [palm-lawyer-backend] [main] c.b.m.core.spi.CompatibleHelper          : Load compatibleSet: com.baomidou.mybatisplus.spring.spi.SpringCompatibleSet@1ec88aa1
2026-08-26T09:18:46.388+08:00 DEBUG 6296 --- [palm-lawyer-backend] [main] c.b.m.s.MybatisSqlSessionFactoryBean     : Property 'mapperLocations' was not specified.
2026-08-26T09:18:46.459+08:00  INFO 6296 --- [palm-lawyer-backend] [main] com.zaxxer.hikari.HikariDataSource       : HikariPool-1 - Starting...
2026-08-26T09:18:46.649+08:00  INFO 6296 --- [palm-lawyer-backend] [main] com.zaxxer.hikari.pool.HikariPool        : HikariPool-1 - Added connection conn0: url=jdbc:h2:mem:palm_lawyer user=SA
2026-08-26T09:18:46.651+08:00  INFO 6296 --- [palm-lawyer-backend] [main] com.zaxxer.hikari.HikariDataSource       : HikariPool-1 - Start completed.
2026-08-26T09:18:46.840+08:00  INFO 6296 --- [palm-lawyer-backend] [main] com.palmlawyer.config.LLMConfig          : 初始化 ChatModel: baseUrl=https://apihub.agnes-ai.com/v1, model=agnes-2.0-flash
2026-08-26T09:18:47.127+08:00  INFO 6296 --- [palm-lawyer-backend] [main] com.palmlawyer.config.LLMConfig          : ChatModel 初始化完成
2026-08-26T09:18:47.489+08:00  INFO 6296 --- [palm-lawyer-backend] [main] b.m.s.MybatisPlusApplicationContextAware : Register ApplicationContext instances org.springframework.boot.web.server.servlet.context.AnnotationConfigServletWebServerApplicationContext@319988b0
2026-08-26T09:18:47.622+08:00  INFO 6296 --- [palm-lawyer-backend] [main] o.s.boot.tomcat.TomcatWebServer          : Tomcat started on port 8080 (http) with context path '/api/v1'
2026-08-26T09:18:47.628+08:00  INFO 6296 --- [palm-lawyer-backend] [main] com.palmlawyer.PalmLawyerApplication     : Started PalmLawyerApplication in 3.162 seconds (process running for 3.624)
2026-08-26T09:19:23.784+08:00  INFO 6296 --- [palm-lawyer-backend] [http-nio-8080-exec-1] o.a.c.c.C.[.[localhost].[/api/v1]        : Initializing Spring DispatcherServlet 'dispatcherServlet'
2026-08-26T09:19:23.785+08:00  INFO 6296 --- [palm-lawyer-backend] [http-nio-8080-exec-1] o.s.web.servlet.DispatcherServlet        : Initializing Servlet 'dispatcherServlet'
2026-08-26T09:19:23.786+08:00  INFO 6296 --- [palm-lawyer-backend] [http-nio-8080-exec-1] o.s.web.servlet.DispatcherServlet        : Completed initialization in 1 ms
2026-08-26T09:19:24.118+08:00  INFO 6296 --- [palm-lawyer-backend] [http-nio-8080-exec-3] c.palmlawyer.controller.ChatController   : 创建新会话: caseId=3, userId=1
2026-08-26T09:19:24.125+08:00  INFO 6296 --- [palm-lawyer-backend] [http-nio-8080-exec-3] com.palmlawyer.service.ChatService       : 创建新会话: sessionId=3, caseId=3, userId=1
2026-08-26T09:19:24.145+08:00 ERROR 6296 --- [palm-lawyer-backend] [http-nio-8080-exec-4] o.a.c.c.C.[.[.[.[dispatcherServlet]      : Servlet.service() for servlet [dispatcherServlet] in context with path [/api/v1] threw exception [Request processing failed: java.lang.IllegalArgumentException: 案件不存在: 3] with root cause

java.lang.IllegalArgumentException: 案件不存在: 3
	at com.palmlawyer.service.TimelineService.list(TimelineService.java:64) ~[!/:1.0.0-SNAPSHOT]
	at com.palmlawyer.controller.TimelineController.list(TimelineController.java:39) ~[!/:1.0.0-SNAPSHOT]
	at java.base/jdk.internal.reflect.DirectMethodHandleAccessor.invoke(DirectMethodHandleAccessor.java:103) ~[na:na]
	at java.base/java.lang.reflect.Method.invoke(Method.java:580) ~[na:na]
	at org.springframework.web.method.support.InvocableHandlerMethod.doInvoke(InvocableHandlerMethod.java:252) ~[spring-web-7.0.9.jar!/:7.0.9]
	at org.springframework.web.method.support.InvocableHandlerMethod.invokeForRequest(InvocableHandlerMethod.java:184) ~[spring-web-7.0.9.jar!/:7.0.9]
	at org.springframework.web.servlet.mvc.method.annotation.ServletInvocableHandlerMethod.invokeAndHandle(ServletInvocableHandlerMethod.java:117) ~[spring-webmvc-7.0.9.jar!/:7.0.9]
	at org.springframework.web.servlet.mvc.method.annotation.RequestMappingHandlerAdapter.invokeHandlerMethod(RequestMappingHandlerAdapter.java:934) ~[spring-webmvc-7.0.9.jar!/:7.0.9]
	at org.springframework.web.servlet.mvc.method.annotation.RequestMappingHandlerAdapter.handleInternal(RequestMappingHandlerAdapter.java:853) ~[spring-webmvc-7.0.9.jar!/:7.0.9]
	at org.springframework.web.servlet.mvc.method.AbstractHandlerMethodAdapter.handle(AbstractHandlerMethodAdapter.java:86) ~[spring-webmvc-7.0.9.jar!/:7.0.9]
	at org.springframework.web.servlet.DispatcherServlet.doDispatch(DispatcherServlet.java:963) ~[spring-webmvc-7.0.9.jar!/:7.0.9]
	at org.springframework.web.servlet.DispatcherServlet.doService(DispatcherServlet.java:866) ~[spring-webmvc-7.0.9.jar!/:7.0.9]
	at org.springframework.web.servlet.FrameworkServlet.processRequest(FrameworkServlet.java:1000) ~[spring-webmvc-7.0.9.jar!/:7.0.9]
	at org.springframework.web.servlet.FrameworkServlet.doGet(FrameworkServlet.java:892) ~[spring-webmvc-7.0.9.jar!/:7.0.9]
	at jakarta.servlet.http.HttpServlet.service(HttpServlet.java:622) ~[tomcat-embed-core-11.0.24.jar!/:na]
	at org.springframework.web.servlet.FrameworkServlet.service(FrameworkServlet.java:874) ~[spring-webmvc-7.0.9.jar!/:7.0.9]
	at jakarta.servlet.http.HttpServlet.service(HttpServlet.java:710) ~[tomcat-embed-core-11.0.24.jar!/:na]
	at org.apache.catalina.core.ApplicationFilterChain.doFilter(ApplicationFilterChain.java:132) ~[tomcat-embed-core-11.0.24.jar!/:na]
	at org.apache.tomcat.websocket.server.WsFilter.doFilter(WsFilter.java:59) ~[tomcat-embed-websocket-11.0.24.jar!/:na]
	at org.apache.catalina.core.ApplicationFilterChain.doFilter(ApplicationFilterChain.java:111) ~[tomcat-embed-core-11.0.24.jar!/:na]
	at org.springframework.web.filter.RequestContextFilter.doFilterInternal(RequestContextFilter.java:100) ~[spring-web-7.0.9.jar!/:7.0.9]
	at org.springframework.web.filter.OncePerRequestFilter.doFilter(OncePerRequestFilter.java:116) ~[spring-web-7.0.9.jar!/:7.0.9]
	at org.apache.catalina.core.ApplicationFilterChain.doFilter(ApplicationFilterChain.java:111) ~[tomcat-embed-core-11.0.24.jar!/:na]
	at org.springframework.web.filter.FormContentFilter.doFilterInternal(FormContentFilter.java:93) ~[spring-web-7.0.9.jar!/:7.0.9]
	at org.springframework.web.filter.OncePerRequestFilter.doFilter(OncePerRequestFilter.java:116) ~[spring-web-7.0.9.jar!/:7.0.9]
	at org.apache.catalina.core.ApplicationFilterChain.doFilter(ApplicationFilterChain.java:111) ~[tomcat-embed-core-11.0.24.jar!/:na]
	at org.springframework.web.filter.CharacterEncodingFilter.doFilterInternal(CharacterEncodingFilter.java:199) ~[spring-web-7.0.9.jar!/:7.0.9]
	at org.springframework.web.filter.OncePerRequestFilter.doFilter(OncePerRequestFilter.java:116) ~[spring-web-7.0.9.jar!/:7.0.9]
	at org.apache.catalina.core.ApplicationFilterChain.doFilter(ApplicationFilterChain.java:111) ~[tomcat-embed-core-11.0.24.jar!/:na]
	at org.apache.catalina.core.StandardWrapperValve.invoke(StandardWrapperValve.java:165) ~[tomcat-embed-core-11.0.24.jar!/:na]
	at org.apache.catalina.core.StandardContextValve.invoke(StandardContextValve.java:77) ~[tomcat-embed-core-11.0.24.jar!/:na]
	at org.apache.catalina.authenticator.AuthenticatorBase.invoke(AuthenticatorBase.java:535) ~[tomcat-embed-core-11.0.24.jar!/:na]
	at org.apache.catalina.core.StandardHostValve.invoke(StandardHostValve.java:115) ~[tomcat-embed-core-11.0.24.jar!/:na]
	at org.apache.catalina.valves.ErrorReportValve.invoke(ErrorReportValve.java:86) ~[tomcat-embed-core-11.0.24.jar!/:na]
	at org.apache.catalina.core.StandardEngineValve.invoke(StandardEngineValve.java:71) ~[tomcat-embed-core-11.0.24.jar!/:na]
	at org.apache.catalina.connector.CoyoteAdapter.service(CoyoteAdapter.java:347) ~[tomcat-embed-core-11.0.24.jar!/:na]
	at org.apache.coyote.http11.Http11Processor.service(Http11Processor.java:406) ~[tomcat-embed-core-11.0.24.jar!/:na]
	at org.apache.coyote.AbstractProcessorLight.process(AbstractProcessorLight.java:71) ~[tomcat-embed-core-11.0.24.jar!/:na]
	at org.apache.coyote.AbstractProtocol$ConnectionHandler.process(AbstractProtocol.java:1307) ~[tomcat-embed-core-11.0.24.jar!/:na]
	at org.apache.tomcat.util.net.NioEndpoint$SocketProcessor.doRun(NioEndpoint.java:2036) ~[tomcat-embed-core-11.0.24.jar!/:na]
	at org.apache.tomcat.util.net.SocketProcessorBase.run(SocketProcessorBase.java:74) ~[tomcat-embed-core-11.0.24.jar!/:na]
	at org.apache.tomcat.util.threads.ThreadPoolExecutor.runWorker(ThreadPoolExecutor.java:949) ~[tomcat-embed-core-11.0.24.jar!/:na]
	at org.apache.tomcat.util.threads.ThreadPoolExecutor$Worker.run(ThreadPoolExecutor.java:483) ~[tomcat-embed-core-11.0.24.jar!/:na]
	at org.apache.tomcat.util.threads.TaskThread$WrappingRunnable.run(TaskThread.java:74) ~[tomcat-embed-core-11.0.24.jar!/:na]
	at java.base/java.lang.Thread.run(Thread.java:1583) ~[na:na]

2026-08-26T09:19:55.359+08:00  INFO 6296 --- [palm-lawyer-backend] [http-nio-8080-exec-10] com.palmlawyer.service.TimelineService   : 添加时间轴事件: caseId=1, eventId=1787707195337
2026-08-26T09:20:36.626+08:00  INFO 8864 --- [palm-lawyer-backend] [main] com.palmlawyer.PalmLawyerApplication     : Starting PalmLawyerApplication v1.0.0-SNAPSHOT using Java 21.0.12.1 with PID 8864 (D:\ruanjian\zsls\backend\target\palm-lawyer-backend-1.0.0-SNAPSHOT.jar started by 77161 in D:\ruanjian\zsls\backend)
2026-08-26T09:20:36.629+08:00 DEBUG 8864 --- [palm-lawyer-backend] [main] com.palmlawyer.PalmLawyerApplication     : Running with Spring Boot v4.1.1, Spring v7.0.9
2026-08-26T09:20:36.630+08:00  INFO 8864 --- [palm-lawyer-backend] [main] com.palmlawyer.PalmLawyerApplication     : No active profile set, falling back to 1 default profile: "default"
2026-08-26T09:20:37.742+08:00  INFO 8864 --- [palm-lawyer-backend] [main] o.s.boot.tomcat.TomcatWebServer          : Tomcat initialized with port 8080 (http)
2026-08-26T09:20:37.755+08:00  INFO 8864 --- [palm-lawyer-backend] [main] o.apache.catalina.core.StandardService   : Starting service [Tomcat]
2026-08-26T09:20:37.756+08:00  INFO 8864 --- [palm-lawyer-backend] [main] o.apache.catalina.core.StandardEngine    : Starting Servlet engine: [Apache Tomcat/11.0.24]
2026-08-26T09:20:37.777+08:00  INFO 8864 --- [palm-lawyer-backend] [main] b.w.c.s.WebApplicationContextInitializer : Root WebApplicationContext: initialization completed in 1092 ms
2026-08-26T09:20:37.835+08:00  INFO 8864 --- [palm-lawyer-backend] [main] c.p.s.infra.plugin.DomainPluginLoader    : 找到 1 个领域插件文件
2026-08-26T09:20:37.857+08:00  INFO 8864 --- [palm-lawyer-backend] [main] c.p.s.infra.plugin.DomainPluginLoader    : 已加载插件: LABOR (劳动纠纷)
2026-08-26T09:20:38.057+08:00 DEBUG 8864 --- [palm-lawyer-backend] [main] c.b.m.core.spi.CompatibleHelper          : Load compatibleSet: com.baomidou.mybatisplus.spring.spi.SpringCompatibleSet@2ec85a25
2026-08-26T09:20:38.104+08:00 DEBUG 8864 --- [palm-lawyer-backend] [main] c.b.m.s.MybatisSqlSessionFactoryBean     : Property 'mapperLocations' was not specified.
2026-08-26T09:20:38.138+08:00  INFO 8864 --- [palm-lawyer-backend] [main] com.zaxxer.hikari.HikariDataSource       : HikariPool-1 - Starting...
2026-08-26T09:20:38.342+08:00  INFO 8864 --- [palm-lawyer-backend] [main] com.zaxxer.hikari.pool.HikariPool        : HikariPool-1 - Added connection conn0: url=jdbc:h2:mem:palm_lawyer user=SA
2026-08-26T09:20:38.343+08:00  INFO 8864 --- [palm-lawyer-backend] [main] com.zaxxer.hikari.HikariDataSource       : HikariPool-1 - Start completed.
2026-08-26T09:20:38.530+08:00  INFO 8864 --- [palm-lawyer-backend] [main] com.palmlawyer.config.LLMConfig          : 初始化 ChatModel: baseUrl=https://apihub.agnes-ai.com/v1, model=agnes-2.0-flash
2026-08-26T09:20:38.822+08:00  INFO 8864 --- [palm-lawyer-backend] [main] com.palmlawyer.config.LLMConfig          : ChatModel 初始化完成
2026-08-26T09:20:39.170+08:00  INFO 8864 --- [palm-lawyer-backend] [main] b.m.s.MybatisPlusApplicationContextAware : Register ApplicationContext instances org.springframework.boot.web.server.servlet.context.AnnotationConfigServletWebServerApplicationContext@319988b0
2026-08-26T09:20:39.300+08:00  INFO 8864 --- [palm-lawyer-backend] [main] o.s.boot.tomcat.TomcatWebServer          : Tomcat started on port 8080 (http) with context path '/api/v1'
2026-08-26T09:20:39.306+08:00  INFO 8864 --- [palm-lawyer-backend] [main] com.palmlawyer.PalmLawyerApplication     : Started PalmLawyerApplication in 3.149 seconds (process running for 3.617)
2026-08-26T09:22:08.644+08:00  INFO 20936 --- [palm-lawyer-backend] [main] com.palmlawyer.PalmLawyerApplication     : Starting PalmLawyerApplication v1.0.0-SNAPSHOT using Java 21.0.12.1 with PID 20936 (D:\ruanjian\zsls\backend\target\palm-lawyer-backend-1.0.0-SNAPSHOT.jar started by 77161 in D:\ruanjian\zsls\backend)
2026-08-26T09:22:08.647+08:00 DEBUG 20936 --- [palm-lawyer-backend] [main] com.palmlawyer.PalmLawyerApplication     : Running with Spring Boot v4.1.1, Spring v7.0.9
2026-08-26T09:22:08.648+08:00  INFO 20936 --- [palm-lawyer-backend] [main] com.palmlawyer.PalmLawyerApplication     : No active profile set, falling back to 1 default profile: "default"
2026-08-26T09:22:09.733+08:00  INFO 20936 --- [palm-lawyer-backend] [main] o.s.boot.tomcat.TomcatWebServer          : Tomcat initialized with port 8080 (http)
2026-08-26T09:22:09.746+08:00  INFO 20936 --- [palm-lawyer-backend] [main] o.apache.catalina.core.StandardService   : Starting service [Tomcat]
2026-08-26T09:22:09.747+08:00  INFO 20936 --- [palm-lawyer-backend] [main] o.apache.catalina.core.StandardEngine    : Starting Servlet engine: [Apache Tomcat/11.0.24]
2026-08-26T09:22:09.767+08:00  INFO 20936 --- [palm-lawyer-backend] [main] b.w.c.s.WebApplicationContextInitializer : Root WebApplicationContext: initialization completed in 1071 ms
2026-08-26T09:22:09.831+08:00  INFO 20936 --- [palm-lawyer-backend] [main] c.p.s.infra.plugin.DomainPluginLoader    : 找到 1 个领域插件文件
2026-08-26T09:22:09.853+08:00  INFO 20936 --- [palm-lawyer-backend] [main] c.p.s.infra.plugin.DomainPluginLoader    : 已加载插件: LABOR (劳动纠纷)
2026-08-26T09:22:10.057+08:00 DEBUG 20936 --- [palm-lawyer-backend] [main] c.b.m.core.spi.CompatibleHelper          : Load compatibleSet: com.baomidou.mybatisplus.spring.spi.SpringCompatibleSet@4c176ff1
2026-08-26T09:22:10.103+08:00 DEBUG 20936 --- [palm-lawyer-backend] [main] c.b.m.s.MybatisSqlSessionFactoryBean     : Property 'mapperLocations' was not specified.
2026-08-26T09:22:10.136+08:00  INFO 20936 --- [palm-lawyer-backend] [main] com.zaxxer.hikari.HikariDataSource       : HikariPool-1 - Starting...
2026-08-26T09:22:10.329+08:00  INFO 20936 --- [palm-lawyer-backend] [main] com.zaxxer.hikari.pool.HikariPool        : HikariPool-1 - Added connection conn0: url=jdbc:h2:mem:palm_lawyer user=SA
2026-08-26T09:22:10.331+08:00  INFO 20936 --- [palm-lawyer-backend] [main] com.zaxxer.hikari.HikariDataSource       : HikariPool-1 - Start completed.
2026-08-26T09:22:10.518+08:00  INFO 20936 --- [palm-lawyer-backend] [main] com.palmlawyer.config.LLMConfig          : 初始化 ChatModel: baseUrl=https://apihub.agnes-ai.com/v1, model=agnes-2.0-flash
2026-08-26T09:22:10.797+08:00  INFO 20936 --- [palm-lawyer-backend] [main] com.palmlawyer.config.LLMConfig          : ChatModel 初始化完成
2026-08-26T09:22:11.169+08:00  INFO 20936 --- [palm-lawyer-backend] [main] b.m.s.MybatisPlusApplicationContextAware : Register ApplicationContext instances org.springframework.boot.web.server.servlet.context.AnnotationConfigServletWebServerApplicationContext@319988b0
2026-08-26T09:22:11.236+08:00 ERROR 20936 --- [palm-lawyer-backend] [main] o.m.spring.mapper.MapperFactoryBean      : Error while adding the mapper 'interface com.palmlawyer.mapper.DomainKnowledgeVectorMapper' to configuration.

java.lang.IllegalStateException: No typehandler found for property embedding
	at org.apache.ibatis.mapping.ResultMapping$Builder.validate(ResultMapping.java:153) ~[mybatis-3.5.19.jar!/:3.5.19]
	at org.apache.ibatis.mapping.ResultMapping$Builder.build(ResultMapping.java:140) ~[mybatis-3.5.19.jar!/:3.5.19]
	at com.baomidou.mybatisplus.core.metadata.TableFieldInfo.getResultMapping(TableFieldInfo.java:575) ~[mybatis-plus-core-3.5.17.jar!/:na]
	at com.baomidou.mybatisplus.core.metadata.TableInfo.lambda$initResultMapIfNeed$9(TableInfo.java:501) ~[mybatis-plus-core-3.5.17.jar!/:na]
	at java.base/java.util.ArrayList.forEach(ArrayList.java:1596) ~[na:na]
	at com.baomidou.mybatisplus.core.metadata.TableInfo.initResultMapIfNeed(TableInfo.java:501) ~[mybatis-plus-core-3.5.17.jar!/:na]
	at com.baomidou.mybatisplus.core.metadata.TableInfoHelper.initTableInfo(TableInfoHelper.java:199) ~[mybatis-plus-core-3.5.17.jar!/:na]
	at com.baomidou.mybatisplus.core.metadata.TableInfoHelper.initTableInfo(TableInfoHelper.java:174) ~[mybatis-plus-core-3.5.17.jar!/:na]
	at com.baomidou.mybatisplus.core.injector.AbstractSqlInjector.inspectInject(AbstractSqlInjector.java:50) ~[mybatis-plus-core-3.5.17.jar!/:na]
	at com.baomidou.mybatisplus.core.MybatisMapperAnnotationBuilder.parserInjector(MybatisMapperAnnotationBuilder.java:126) ~[mybatis-plus-core-3.5.17.jar!/:na]
	at com.baomidou.mybatisplus.core.MybatisMapperAnnotationBuilder.parse(MybatisMapperAnnotationBuilder.java:116) ~[mybatis-plus-core-3.5.17.jar!/:na]
	at com.baomidou.mybatisplus.core.MybatisMapperRegistry.addMapper(MybatisMapperRegistry.java:90) ~[mybatis-plus-core-3.5.17.jar!/:na]
	at com.baomidou.mybatisplus.core.MybatisConfiguration.addMapper(MybatisConfiguration.java:129) ~[mybatis-plus-core-3.5.17.jar!/:na]
	at org.mybatis.spring.mapper.MapperFactoryBean.checkDaoConfig(MapperFactoryBean.java:88) ~[mybatis-spring-4.0.0.jar!/:4.0.0]
	at org.springframework.dao.support.DaoSupport.afterPropertiesSet(DaoSupport.java:46) ~[spring-tx-7.0.9.jar!/:7.0.9]
	at org.springframework.beans.factory.support.AbstractAutowireCapableBeanFactory.invokeInitMethods(AbstractAutowireCapableBeanFactory.java:1862) ~[spring-beans-7.0.9.jar!/:7.0.9]
	at org.springframework.beans.factory.support.AbstractAutowireCapableBeanFactory.initializeBean(AbstractAutowireCapableBeanFactory.java:1811) ~[spring-beans-7.0.9.jar!/:7.0.9]
	at org.springframework.beans.factory.support.AbstractAutowireCapableBeanFactory.doCreateBean(AbstractAutowireCapableBeanFactory.java:603) ~[spring-beans-7.0.9.jar!/:7.0.9]
	at org.springframework.beans.factory.support.AbstractAutowireCapableBeanFactory.createBean(AbstractAutowireCapableBeanFactory.java:525) ~[spring-beans-7.0.9.jar!/:7.0.9]
	at org.springframework.beans.factory.support.AbstractBeanFactory.lambda$doGetBean$0(AbstractBeanFactory.java:333) ~[spring-beans-7.0.9.jar!/:7.0.9]
	at org.springframework.beans.factory.support.DefaultSingletonBeanRegistry.getSingleton(DefaultSingletonBeanRegistry.java:371) ~[spring-beans-7.0.9.jar!/:7.0.9]
	at org.springframework.beans.factory.support.AbstractBeanFactory.doGetBean(AbstractBeanFactory.java:331) ~[spring-beans-7.0.9.jar!/:7.0.9]
	at org.springframework.beans.factory.support.AbstractBeanFactory.getBean(AbstractBeanFactory.java:196) ~[spring-beans-7.0.9.jar!/:7.0.9]
	at org.springframework.beans.factory.support.DefaultListableBeanFactory.instantiateSingleton(DefaultListableBeanFactory.java:1219) ~[spring-beans-7.0.9.jar!/:7.0.9]
	at org.springframework.beans.factory.support.DefaultListableBeanFactory.preInstantiateSingleton(DefaultListableBeanFactory.java:1191) ~[spring-beans-7.0.9.jar!/:7.0.9]
	at org.springframework.beans.factory.support.DefaultListableBeanFactory.preInstantiateSingletons(DefaultListableBeanFactory.java:1121) ~[spring-beans-7.0.9.jar!/:7.0.9]
	at org.springframework.context.support.AbstractApplicationContext.finishBeanFactoryInitialization(AbstractApplicationContext.java:994) ~[spring-context-7.0.9.jar!/:7.0.9]
	at org.springframework.context.support.AbstractApplicationContext.refresh(AbstractApplicationContext.java:621) ~[spring-context-7.0.9.jar!/:7.0.9]
	at org.springframework.boot.web.server.servlet.context.ServletWebServerApplicationContext.refresh(ServletWebServerApplicationContext.java:143) ~[spring-boot-web-server-4.1.1.jar!/:4.1.1]
	at org.springframework.boot.SpringApplication.refresh(SpringApplication.java:756) ~[spring-boot-4.1.1.jar!/:4.1.1]
	at org.springframework.boot.SpringApplication.refreshContext(SpringApplication.java:445) ~[spring-boot-4.1.1.jar!/:4.1.1]
	at org.springframework.boot.SpringApplication.run(SpringApplication.java:321) ~[spring-boot-4.1.1.jar!/:4.1.1]
	at org.springframework.boot.SpringApplication.run(SpringApplication.java:1365) ~[spring-boot-4.1.1.jar!/:4.1.1]
	at org.springframework.boot.SpringApplication.run(SpringApplication.java:1354) ~[spring-boot-4.1.1.jar!/:4.1.1]
	at com.palmlawyer.PalmLawyerApplication.main(PalmLawyerApplication.java:40) ~[!/:1.0.0-SNAPSHOT]
	at java.base/jdk.internal.reflect.DirectMethodHandleAccessor.invoke(DirectMethodHandleAccessor.java:103) ~[na:na]
	at java.base/java.lang.reflect.Method.invoke(Method.java:580) ~[na:na]
	at org.springframework.boot.loader.launch.Launcher.launch(Launcher.java:106) ~[palm-lawyer-backend-1.0.0-SNAPSHOT.jar:1.0.0-SNAPSHOT]
	at org.springframework.boot.loader.launch.Launcher.launch(Launcher.java:64) ~[palm-lawyer-backend-1.0.0-SNAPSHOT.jar:1.0.0-SNAPSHOT]
	at org.springframework.boot.loader.launch.JarLauncher.main(JarLauncher.java:40) ~[palm-lawyer-backend-1.0.0-SNAPSHOT.jar:1.0.0-SNAPSHOT]

2026-08-26T09:22:11.239+08:00  WARN 20936 --- [palm-lawyer-backend] [main] ConfigServletWebServerApplicationContext : Exception encountered during context initialization - cancelling refresh attempt: org.springframework.beans.factory.BeanCreationException: Error creating bean with name 'domainKnowledgeVectorMapper' defined in URL [jar:nested:/D:/ruanjian/zsls/backend/target/palm-lawyer-backend-1.0.0-SNAPSHOT.jar/!BOOT-INF/classes/!/com/palmlawyer/mapper/DomainKnowledgeVectorMapper.class]: java.lang.IllegalStateException: No typehandler found for property embedding
2026-08-26T09:22:11.240+08:00  INFO 20936 --- [palm-lawyer-backend] [main] com.zaxxer.hikari.HikariDataSource       : HikariPool-1 - Shutdown initiated...
2026-08-26T09:22:11.242+08:00  INFO 20936 --- [palm-lawyer-backend] [main] com.zaxxer.hikari.HikariDataSource       : HikariPool-1 - Shutdown completed.
2026-08-26T09:22:11.245+08:00  INFO 20936 --- [palm-lawyer-backend] [main] o.apache.catalina.core.StandardService   : Stopping service [Tomcat]
2026-08-26T09:22:11.255+08:00  INFO 20936 --- [palm-lawyer-backend] [main] .s.b.a.l.ConditionEvaluationReportLogger : 

Error starting ApplicationContext. To display the condition evaluation report re-run your application with 'debug' enabled.
2026-08-26T09:22:11.266+08:00 ERROR 20936 --- [palm-lawyer-backend] [main] o.s.boot.SpringApplication               : Application run failed

org.springframework.beans.factory.BeanCreationException: Error creating bean with name 'domainKnowledgeVectorMapper' defined in URL [jar:nested:/D:/ruanjian/zsls/backend/target/palm-lawyer-backend-1.0.0-SNAPSHOT.jar/!BOOT-INF/classes/!/com/palmlawyer/mapper/DomainKnowledgeVectorMapper.class]: java.lang.IllegalStateException: No typehandler found for property embedding
	at org.springframework.beans.factory.support.AbstractAutowireCapableBeanFactory.initializeBean(AbstractAutowireCapableBeanFactory.java:1815) ~[spring-beans-7.0.9.jar!/:7.0.9]
	at org.springframework.beans.factory.support.AbstractAutowireCapableBeanFactory.doCreateBean(AbstractAutowireCapableBeanFactory.java:603) ~[spring-beans-7.0.9.jar!/:7.0.9]
	at org.springframework.beans.factory.support.AbstractAutowireCapableBeanFactory.createBean(AbstractAutowireCapableBeanFactory.java:525) ~[spring-beans-7.0.9.jar!/:7.0.9]
	at org.springframework.beans.factory.support.AbstractBeanFactory.lambda$doGetBean$0(AbstractBeanFactory.java:333) ~[spring-beans-7.0.9.jar!/:7.0.9]
	at org.springframework.beans.factory.support.DefaultSingletonBeanRegistry.getSingleton(DefaultSingletonBeanRegistry.java:371) ~[spring-beans-7.0.9.jar!/:7.0.9]
	at org.springframework.beans.factory.support.AbstractBeanFactory.doGetBean(AbstractBeanFactory.java:331) ~[spring-beans-7.0.9.jar!/:7.0.9]
	at org.springframework.beans.factory.support.AbstractBeanFactory.getBean(AbstractBeanFactory.java:196) ~[spring-beans-7.0.9.jar!/:7.0.9]
	at org.springframework.beans.factory.support.DefaultListableBeanFactory.instantiateSingleton(DefaultListableBeanFactory.java:1219) ~[spring-beans-7.0.9.jar!/:7.0.9]
	at org.springframework.beans.factory.support.DefaultListableBeanFactory.preInstantiateSingleton(DefaultListableBeanFactory.java:1191) ~[spring-beans-7.0.9.jar!/:7.0.9]
	at org.springframework.beans.factory.support.DefaultListableBeanFactory.preInstantiateSingletons(DefaultListableBeanFactory.java:1121) ~[spring-beans-7.0.9.jar!/:7.0.9]
	at org.springframework.context.support.AbstractApplicationContext.finishBeanFactoryInitialization(AbstractApplicationContext.java:994) ~[spring-context-7.0.9.jar!/:7.0.9]
	at org.springframework.context.support.AbstractApplicationContext.refresh(AbstractApplicationContext.java:621) ~[spring-context-7.0.9.jar!/:7.0.9]
	at org.springframework.boot.web.server.servlet.context.ServletWebServerApplicationContext.refresh(ServletWebServerApplicationContext.java:143) ~[spring-boot-web-server-4.1.1.jar!/:4.1.1]
	at org.springframework.boot.SpringApplication.refresh(SpringApplication.java:756) ~[spring-boot-4.1.1.jar!/:4.1.1]
	at org.springframework.boot.SpringApplication.refreshContext(SpringApplication.java:445) ~[spring-boot-4.1.1.jar!/:4.1.1]
	at org.springframework.boot.SpringApplication.run(SpringApplication.java:321) ~[spring-boot-4.1.1.jar!/:4.1.1]
	at org.springframework.boot.SpringApplication.run(SpringApplication.java:1365) ~[spring-boot-4.1.1.jar!/:4.1.1]
	at org.springframework.boot.SpringApplication.run(SpringApplication.java:1354) ~[spring-boot-4.1.1.jar!/:4.1.1]
	at com.palmlawyer.PalmLawyerApplication.main(PalmLawyerApplication.java:40) ~[!/:1.0.0-SNAPSHOT]
	at java.base/jdk.internal.reflect.DirectMethodHandleAccessor.invoke(DirectMethodHandleAccessor.java:103) ~[na:na]
	at java.base/java.lang.reflect.Method.invoke(Method.java:580) ~[na:na]
	at org.springframework.boot.loader.launch.Launcher.launch(Launcher.java:106) ~[palm-lawyer-backend-1.0.0-SNAPSHOT.jar:1.0.0-SNAPSHOT]
	at org.springframework.boot.loader.launch.Launcher.launch(Launcher.java:64) ~[palm-lawyer-backend-1.0.0-SNAPSHOT.jar:1.0.0-SNAPSHOT]
	at org.springframework.boot.loader.launch.JarLauncher.main(JarLauncher.java:40) ~[palm-lawyer-backend-1.0.0-SNAPSHOT.jar:1.0.0-SNAPSHOT]
Caused by: java.lang.IllegalArgumentException: java.lang.IllegalStateException: No typehandler found for property embedding
	at org.mybatis.spring.mapper.MapperFactoryBean.checkDaoConfig(MapperFactoryBean.java:91) ~[mybatis-spring-4.0.0.jar!/:4.0.0]
	at org.springframework.dao.support.DaoSupport.afterPropertiesSet(DaoSupport.java:46) ~[spring-tx-7.0.9.jar!/:7.0.9]
	at org.springframework.beans.factory.support.AbstractAutowireCapableBeanFactory.invokeInitMethods(AbstractAutowireCapableBeanFactory.java:1862) ~[spring-beans-7.0.9.jar!/:7.0.9]
	at org.springframework.beans.factory.support.AbstractAutowireCapableBeanFactory.initializeBean(AbstractAutowireCapableBeanFactory.java:1811) ~[spring-beans-7.0.9.jar!/:7.0.9]
	... 23 common frames omitted
Caused by: java.lang.IllegalStateException: No typehandler found for property embedding
	at org.apache.ibatis.mapping.ResultMapping$Builder.validate(ResultMapping.java:153) ~[mybatis-3.5.19.jar!/:3.5.19]
	at org.apache.ibatis.mapping.ResultMapping$Builder.build(ResultMapping.java:140) ~[mybatis-3.5.19.jar!/:3.5.19]
	at com.baomidou.mybatisplus.core.metadata.TableFieldInfo.getResultMapping(TableFieldInfo.java:575) ~[mybatis-plus-core-3.5.17.jar!/:na]
	at com.baomidou.mybatisplus.core.metadata.TableInfo.lambda$initResultMapIfNeed$9(TableInfo.java:501) ~[mybatis-plus-core-3.5.17.jar!/:na]
	at java.base/java.util.ArrayList.forEach(ArrayList.java:1596) ~[na:na]
	at com.baomidou.mybatisplus.core.metadata.TableInfo.initResultMapIfNeed(TableInfo.java:501) ~[mybatis-plus-core-3.5.17.jar!/:na]
	at com.baomidou.mybatisplus.core.metadata.TableInfoHelper.initTableInfo(TableInfoHelper.java:199) ~[mybatis-plus-core-3.5.17.jar!/:na]
	at com.baomidou.mybatisplus.core.metadata.TableInfoHelper.initTableInfo(TableInfoHelper.java:174) ~[mybatis-plus-core-3.5.17.jar!/:na]
	at com.baomidou.mybatisplus.core.injector.AbstractSqlInjector.inspectInject(AbstractSqlInjector.java:50) ~[mybatis-plus-core-3.5.17.jar!/:na]
	at com.baomidou.mybatisplus.core.MybatisMapperAnnotationBuilder.parserInjector(MybatisMapperAnnotationBuilder.java:126) ~[mybatis-plus-core-3.5.17.jar!/:na]
	at com.baomidou.mybatisplus.core.MybatisMapperAnnotationBuilder.parse(MybatisMapperAnnotationBuilder.java:116) ~[mybatis-plus-core-3.5.17.jar!/:na]
	at com.baomidou.mybatisplus.core.MybatisMapperRegistry.addMapper(MybatisMapperRegistry.java:90) ~[mybatis-plus-core-3.5.17.jar!/:na]
	at com.baomidou.mybatisplus.core.MybatisConfiguration.addMapper(MybatisConfiguration.java:129) ~[mybatis-plus-core-3.5.17.jar!/:na]
	at org.mybatis.spring.mapper.MapperFactoryBean.checkDaoConfig(MapperFactoryBean.java:88) ~[mybatis-spring-4.0.0.jar!/:4.0.0]
	... 26 common frames omitted

2026-08-26T09:24:55.814+08:00  INFO 8104 --- [palm-lawyer-backend] [main] com.palmlawyer.PalmLawyerApplication     : Starting PalmLawyerApplication v1.0.0-SNAPSHOT using Java 21.0.12.1 with PID 8104 (D:\ruanjian\zsls\backend\target\palm-lawyer-backend-1.0.0-SNAPSHOT.jar started by 77161 in D:\ruanjian\zsls\backend)
2026-08-26T09:24:55.817+08:00 DEBUG 8104 --- [palm-lawyer-backend] [main] com.palmlawyer.PalmLawyerApplication     : Running with Spring Boot v4.1.1, Spring v7.0.9
2026-08-26T09:24:55.818+08:00  INFO 8104 --- [palm-lawyer-backend] [main] com.palmlawyer.PalmLawyerApplication     : No active profile set, falling back to 1 default profile: "default"
2026-08-26T09:24:56.914+08:00  INFO 8104 --- [palm-lawyer-backend] [main] o.s.boot.tomcat.TomcatWebServer          : Tomcat initialized with port 8080 (http)
2026-08-26T09:24:56.928+08:00  INFO 8104 --- [palm-lawyer-backend] [main] o.apache.catalina.core.StandardService   : Starting service [Tomcat]
2026-08-26T09:24:56.929+08:00  INFO 8104 --- [palm-lawyer-backend] [main] o.apache.catalina.core.StandardEngine    : Starting Servlet engine: [Apache Tomcat/11.0.24]
2026-08-26T09:24:56.951+08:00  INFO 8104 --- [palm-lawyer-backend] [main] b.w.c.s.WebApplicationContextInitializer : Root WebApplicationContext: initialization completed in 1083 ms
2026-08-26T09:24:57.009+08:00  INFO 8104 --- [palm-lawyer-backend] [main] c.p.s.infra.plugin.DomainPluginLoader    : 找到 1 个领域插件文件
2026-08-26T09:24:57.030+08:00  INFO 8104 --- [palm-lawyer-backend] [main] c.p.s.infra.plugin.DomainPluginLoader    : 已加载插件: LABOR (劳动纠纷)
2026-08-26T09:24:57.239+08:00 DEBUG 8104 --- [palm-lawyer-backend] [main] c.b.m.core.spi.CompatibleHelper          : Load compatibleSet: com.baomidou.mybatisplus.spring.spi.SpringCompatibleSet@27c53c32
2026-08-26T09:24:57.287+08:00 DEBUG 8104 --- [palm-lawyer-backend] [main] c.b.m.s.MybatisSqlSessionFactoryBean     : Property 'mapperLocations' was not specified.
2026-08-26T09:24:57.321+08:00  INFO 8104 --- [palm-lawyer-backend] [main] com.zaxxer.hikari.HikariDataSource       : HikariPool-1 - Starting...
2026-08-26T09:24:57.516+08:00  INFO 8104 --- [palm-lawyer-backend] [main] com.zaxxer.hikari.pool.HikariPool        : HikariPool-1 - Added connection conn0: url=jdbc:h2:mem:palm_lawyer user=SA
2026-08-26T09:24:57.517+08:00  INFO 8104 --- [palm-lawyer-backend] [main] com.zaxxer.hikari.HikariDataSource       : HikariPool-1 - Start completed.
2026-08-26T09:24:57.696+08:00  INFO 8104 --- [palm-lawyer-backend] [main] com.palmlawyer.config.LLMConfig          : 初始化 ChatModel: baseUrl=https://apihub.agnes-ai.com/v1, model=agnes-2.0-flash
2026-08-26T09:24:57.995+08:00  INFO 8104 --- [palm-lawyer-backend] [main] com.palmlawyer.config.LLMConfig          : ChatModel 初始化完成
2026-08-26T09:24:58.365+08:00  INFO 8104 --- [palm-lawyer-backend] [main] b.m.s.MybatisPlusApplicationContextAware : Register ApplicationContext instances org.springframework.boot.web.server.servlet.context.AnnotationConfigServletWebServerApplicationContext@319988b0
2026-08-26T09:24:58.492+08:00  INFO 8104 --- [palm-lawyer-backend] [main] o.s.boot.tomcat.TomcatWebServer          : Tomcat started on port 8080 (http) with context path '/api/v1'
2026-08-26T09:24:58.498+08:00  INFO 8104 --- [palm-lawyer-backend] [main] com.palmlawyer.PalmLawyerApplication     : Started PalmLawyerApplication in 3.172 seconds (process running for 3.649)
2026-08-26T09:25:23.835+08:00  INFO 8104 --- [palm-lawyer-backend] [http-nio-8080-exec-1] o.a.c.c.C.[.[localhost].[/api/v1]        : Initializing Spring DispatcherServlet 'dispatcherServlet'
2026-08-26T09:25:23.835+08:00  INFO 8104 --- [palm-lawyer-backend] [http-nio-8080-exec-1] o.s.web.servlet.DispatcherServlet        : Initializing Servlet 'dispatcherServlet'
2026-08-26T09:25:23.837+08:00  INFO 8104 --- [palm-lawyer-backend] [http-nio-8080-exec-1] o.s.web.servlet.DispatcherServlet        : Completed initialization in 2 ms
2026-08-26T09:25:24.088+08:00  INFO 8104 --- [palm-lawyer-backend] [http-nio-8080-exec-1] com.palmlawyer.service.TimelineService   : 添加时间轴事件: caseId=1, eventId=1787707523997
2026-08-26T09:25:40.131+08:00  INFO 8104 --- [palm-lawyer-backend] [http-nio-8080-exec-10] com.palmlawyer.service.TimelineService   : 删除时间轴事件: caseId=1, eventId=1787707523997
2026-08-26T09:25:40.139+08:00  WARN 8104 --- [palm-lawyer-backend] [http-nio-8080-exec-1] .w.s.m.s.DefaultHandlerExceptionResolver : Resolved [org.springframework.web.HttpRequestMethodNotSupportedException: Request method 'GET' is not supported]
2026-08-26T09:27:37.781+08:00  INFO 8104 --- [palm-lawyer-backend] [http-nio-8080-exec-1] com.palmlawyer.service.TimelineService   : 添加时间轴事件: caseId=1, eventId=1787707657778
2026-08-26T09:27:37.794+08:00  INFO 8104 --- [palm-lawyer-backend] [http-nio-8080-exec-3] c.palmlawyer.controller.ChatController   : 创建新会话: caseId=1, userId=1
2026-08-26T09:27:37.797+08:00  INFO 8104 --- [palm-lawyer-backend] [http-nio-8080-exec-3] com.palmlawyer.service.ChatService       : 创建新会话: sessionId=3, caseId=1, userId=1
2026-08-26T09:27:37.810+08:00  INFO 8104 --- [palm-lawyer-backend] [http-nio-8080-exec-2] c.palmlawyer.controller.ChatController   : 查询会话消息: sessionId=1
2026-08-26T09:27:37.852+08:00  WARN 8104 --- [palm-lawyer-backend] [http-nio-8080-exec-6] .w.s.m.s.DefaultHandlerExceptionResolver : Resolved [org.springframework.web.HttpRequestMethodNotSupportedException: Request method 'GET' is not supported]
2026-08-26T09:27:37.887+08:00  INFO 8104 --- [palm-lawyer-backend] [http-nio-8080-exec-8] c.p.s.infra.plugin.DomainPluginLoader    : 已热加载插件: LABOR
2026-08-26T09:28:08.036+08:00  INFO 8104 --- [palm-lawyer-backend] [http-nio-8080-exec-3] c.palmlawyer.controller.ChatController   : 创建新会话: caseId=1, userId=1
2026-08-26T09:28:08.038+08:00  INFO 8104 --- [palm-lawyer-backend] [http-nio-8080-exec-3] com.palmlawyer.service.ChatService       : 创建新会话: sessionId=4, caseId=1, userId=1
2026-08-26T09:28:08.149+08:00  INFO 8104 --- [palm-lawyer-backend] [http-nio-8080-exec-4] c.palmlawyer.controller.ChatController   : 查询会话消息: sessionId=4
2026-08-26T09:28:08.159+08:00  WARN 8104 --- [palm-lawyer-backend] [http-nio-8080-exec-5] .w.s.m.s.DefaultHandlerExceptionResolver : Resolved [org.springframework.web.HttpRequestMethodNotSupportedException: Request method 'GET' is not supported]
2026-08-26T09:28:42.879+08:00  INFO 8104 --- [palm-lawyer-backend] [http-nio-8080-exec-7] c.palmlawyer.controller.ChatController   : 创建新会话: caseId=1, userId=1
2026-08-26T09:28:42.881+08:00  INFO 8104 --- [palm-lawyer-backend] [http-nio-8080-exec-7] com.palmlawyer.service.ChatService       : 创建新会话: sessionId=5, caseId=1, userId=1
2026-08-26T09:28:42.925+08:00  INFO 8104 --- [palm-lawyer-backend] [http-nio-8080-exec-8] c.palmlawyer.controller.ChatController   : 收到消息（非流式）: sessionId=5, content=??,????????????
2026-08-26T09:28:42.931+08:00  INFO 8104 --- [palm-lawyer-backend] [http-nio-8080-exec-8] com.palmlawyer.service.ChatService       : 会话 5 发送消息（非流式）: ??,????????????
2026-08-26T09:28:47.734+08:00  INFO 8104 --- [palm-lawyer-backend] [http-nio-8080-exec-8] com.palmlawyer.service.ChatService       : 会话 5 助手响应已保存，长度: 26
2026-08-26T09:31:26.384+08:00  INFO 16180 --- [palm-lawyer-backend] [main] com.palmlawyer.PalmLawyerApplication     : Starting PalmLawyerApplication v1.0.0-SNAPSHOT using Java 21.0.12.1 with PID 16180 (D:\ruanjian\zsls\backend\target\palm-lawyer-backend-1.0.0-SNAPSHOT.jar started by 77161 in D:\ruanjian\zsls\backend)
2026-08-26T09:31:26.386+08:00 DEBUG 16180 --- [palm-lawyer-backend] [main] com.palmlawyer.PalmLawyerApplication     : Running with Spring Boot v4.1.1, Spring v7.0.9
2026-08-26T09:31:26.387+08:00  INFO 16180 --- [palm-lawyer-backend] [main] com.palmlawyer.PalmLawyerApplication     : No active profile set, falling back to 1 default profile: "default"
2026-08-26T09:31:27.460+08:00  INFO 16180 --- [palm-lawyer-backend] [main] o.s.boot.tomcat.TomcatWebServer          : Tomcat initialized with port 8080 (http)
2026-08-26T09:31:27.472+08:00  INFO 16180 --- [palm-lawyer-backend] [main] o.apache.catalina.core.StandardService   : Starting service [Tomcat]
2026-08-26T09:31:27.473+08:00  INFO 16180 --- [palm-lawyer-backend] [main] o.apache.catalina.core.StandardEngine    : Starting Servlet engine: [Apache Tomcat/11.0.24]
2026-08-26T09:31:27.494+08:00  INFO 16180 --- [palm-lawyer-backend] [main] b.w.c.s.WebApplicationContextInitializer : Root WebApplicationContext: initialization completed in 1059 ms
2026-08-26T09:31:27.559+08:00  INFO 16180 --- [palm-lawyer-backend] [main] c.p.s.infra.plugin.DomainPluginLoader    : 找到 1 个领域插件文件
2026-08-26T09:31:27.581+08:00  INFO 16180 --- [palm-lawyer-backend] [main] c.p.s.infra.plugin.DomainPluginLoader    : 已加载插件: LABOR (劳动纠纷)
2026-08-26T09:31:27.777+08:00 DEBUG 16180 --- [palm-lawyer-backend] [main] c.b.m.core.spi.CompatibleHelper          : Load compatibleSet: com.baomidou.mybatisplus.spring.spi.SpringCompatibleSet@69d103f0
2026-08-26T09:31:27.822+08:00 DEBUG 16180 --- [palm-lawyer-backend] [main] c.b.m.s.MybatisSqlSessionFactoryBean     : Property 'mapperLocations' was not specified.
2026-08-26T09:31:27.856+08:00  INFO 16180 --- [palm-lawyer-backend] [main] com.zaxxer.hikari.HikariDataSource       : HikariPool-1 - Starting...
2026-08-26T09:31:28.055+08:00  INFO 16180 --- [palm-lawyer-backend] [main] com.zaxxer.hikari.pool.HikariPool        : HikariPool-1 - Added connection conn0: url=jdbc:h2:mem:palm_lawyer user=SA
2026-08-26T09:31:28.058+08:00  INFO 16180 --- [palm-lawyer-backend] [main] com.zaxxer.hikari.HikariDataSource       : HikariPool-1 - Start completed.
2026-08-26T09:31:28.258+08:00  INFO 16180 --- [palm-lawyer-backend] [main] com.palmlawyer.config.LLMConfig          : 初始化 ChatModel: baseUrl=https://apihub.agnes-ai.com/v1, model=agnes-2.0-flash
2026-08-26T09:31:28.548+08:00  INFO 16180 --- [palm-lawyer-backend] [main] com.palmlawyer.config.LLMConfig          : ChatModel 初始化完成
2026-08-26T09:31:28.899+08:00  INFO 16180 --- [palm-lawyer-backend] [main] b.m.s.MybatisPlusApplicationContextAware : Register ApplicationContext instances org.springframework.boot.web.server.servlet.context.AnnotationConfigServletWebServerApplicationContext@319988b0
2026-08-26T09:31:29.016+08:00  INFO 16180 --- [palm-lawyer-backend] [main] o.s.boot.tomcat.TomcatWebServer          : Tomcat started on port 8080 (http) with context path '/api/v1'
2026-08-26T09:31:29.022+08:00  INFO 16180 --- [palm-lawyer-backend] [main] com.palmlawyer.PalmLawyerApplication     : Started PalmLawyerApplication in 3.097 seconds (process running for 3.562)
2026-08-26T09:33:28.419+08:00  INFO 84 --- [palm-lawyer-backend] [main] com.palmlawyer.PalmLawyerApplication     : Starting PalmLawyerApplication v1.0.0-SNAPSHOT using Java 21.0.12.1 with PID 84 (D:\ruanjian\zsls\backend\target\palm-lawyer-backend-1.0.0-SNAPSHOT.jar started by 77161 in D:\ruanjian\zsls\backend)
2026-08-26T09:33:28.422+08:00 DEBUG 84 --- [palm-lawyer-backend] [main] com.palmlawyer.PalmLawyerApplication     : Running with Spring Boot v4.1.1, Spring v7.0.9
2026-08-26T09:33:28.423+08:00  INFO 84 --- [palm-lawyer-backend] [main] com.palmlawyer.PalmLawyerApplication     : No active profile set, falling back to 1 default profile: "default"
2026-08-26T09:33:29.617+08:00  INFO 84 --- [palm-lawyer-backend] [main] o.s.boot.tomcat.TomcatWebServer          : Tomcat initialized with port 8080 (http)
2026-08-26T09:33:29.633+08:00  INFO 84 --- [palm-lawyer-backend] [main] o.apache.catalina.core.StandardService   : Starting service [Tomcat]
2026-08-26T09:33:29.634+08:00  INFO 84 --- [palm-lawyer-backend] [main] o.apache.catalina.core.StandardEngine    : Starting Servlet engine: [Apache Tomcat/11.0.24]
2026-08-26T09:33:29.657+08:00  INFO 84 --- [palm-lawyer-backend] [main] b.w.c.s.WebApplicationContextInitializer : Root WebApplicationContext: initialization completed in 1180 ms
2026-08-26T09:33:29.662+08:00  INFO 84 --- [palm-lawyer-backend] [main] com.palmlawyer.config.H2ConsoleConfig    : H2 控制台已注册: /h2-console
2026-08-26T09:33:29.803+08:00  INFO 84 --- [palm-lawyer-backend] [main] c.p.s.infra.plugin.DomainPluginLoader    : 找到 1 个领域插件文件
2026-08-26T09:33:29.828+08:00  INFO 84 --- [palm-lawyer-backend] [main] c.p.s.infra.plugin.DomainPluginLoader    : 已加载插件: LABOR (劳动纠纷)
2026-08-26T09:33:30.075+08:00 DEBUG 84 --- [palm-lawyer-backend] [main] c.b.m.core.spi.CompatibleHelper          : Load compatibleSet: com.baomidou.mybatisplus.spring.spi.SpringCompatibleSet@134a8ead
2026-08-26T09:33:30.133+08:00 DEBUG 84 --- [palm-lawyer-backend] [main] c.b.m.s.MybatisSqlSessionFactoryBean     : Property 'mapperLocations' was not specified.
2026-08-26T09:33:30.172+08:00  INFO 84 --- [palm-lawyer-backend] [main] com.zaxxer.hikari.HikariDataSource       : HikariPool-1 - Starting...
2026-08-26T09:33:30.382+08:00  INFO 84 --- [palm-lawyer-backend] [main] com.zaxxer.hikari.pool.HikariPool        : HikariPool-1 - Added connection conn0: url=jdbc:h2:mem:palm_lawyer user=SA
2026-08-26T09:33:30.385+08:00  INFO 84 --- [palm-lawyer-backend] [main] com.zaxxer.hikari.HikariDataSource       : HikariPool-1 - Start completed.
2026-08-26T09:33:30.601+08:00  INFO 84 --- [palm-lawyer-backend] [main] com.palmlawyer.config.LLMConfig          : 初始化 ChatModel: baseUrl=https://apihub.agnes-ai.com/v1, model=agnes-2.0-flash
2026-08-26T09:33:30.909+08:00  INFO 84 --- [palm-lawyer-backend] [main] com.palmlawyer.config.LLMConfig          : ChatModel 初始化完成
2026-08-26T09:33:31.360+08:00  INFO 84 --- [palm-lawyer-backend] [main] b.m.s.MybatisPlusApplicationContextAware : Register ApplicationContext instances org.springframework.boot.web.server.servlet.context.AnnotationConfigServletWebServerApplicationContext@319988b0
2026-08-26T09:33:31.510+08:00  INFO 84 --- [palm-lawyer-backend] [main] o.s.boot.tomcat.TomcatWebServer          : Tomcat started on port 8080 (http) with context path '/api/v1'
2026-08-26T09:33:31.517+08:00  INFO 84 --- [palm-lawyer-backend] [main] com.palmlawyer.PalmLawyerApplication     : Started PalmLawyerApplication in 3.608 seconds (process running for 4.132)
2026-08-26T09:34:12.056+08:00  INFO 84 --- [palm-lawyer-backend] [http-nio-8080-exec-5] o.a.c.c.C.[.[localhost].[/api/v1]        : Initializing Spring DispatcherServlet 'dispatcherServlet'
2026-08-26T09:34:12.057+08:00  INFO 84 --- [palm-lawyer-backend] [http-nio-8080-exec-5] o.s.web.servlet.DispatcherServlet        : Initializing Servlet 'dispatcherServlet'
2026-08-26T09:34:12.058+08:00  INFO 84 --- [palm-lawyer-backend] [http-nio-8080-exec-5] o.s.web.servlet.DispatcherServlet        : Completed initialization in 1 ms
2026-08-26T09:34:12.425+08:00  INFO 84 --- [palm-lawyer-backend] [http-nio-8080-exec-8] com.palmlawyer.service.TimelineService   : 添加时间轴事件: caseId=1, eventId=1787708052404
2026-08-26T09:34:12.440+08:00  INFO 84 --- [palm-lawyer-backend] [http-nio-8080-exec-10] c.palmlawyer.controller.ChatController   : 创建新会话: caseId=1, userId=1
2026-08-26T09:34:12.444+08:00  INFO 84 --- [palm-lawyer-backend] [http-nio-8080-exec-10] com.palmlawyer.service.ChatService       : 创建新会话: sessionId=3, caseId=1, userId=1
2026-08-26T11:07:39.807+08:00  INFO 23128 --- [palm-lawyer-backend] [main] com.palmlawyer.PalmLawyerApplication     : Starting PalmLawyerApplication using Java 21.0.12.1 with PID 23128 (D:\ruanjian\zsls\backend\target\classes started by 77161 in D:\ruanjian\zsls\backend)
2026-08-26T11:07:39.809+08:00 DEBUG 23128 --- [palm-lawyer-backend] [main] com.palmlawyer.PalmLawyerApplication     : Running with Spring Boot v4.1.1, Spring v7.0.9
2026-08-26T11:07:39.810+08:00  INFO 23128 --- [palm-lawyer-backend] [main] com.palmlawyer.PalmLawyerApplication     : No active profile set, falling back to 1 default profile: "default"
2026-08-26T11:07:40.853+08:00  INFO 23128 --- [palm-lawyer-backend] [main] o.s.boot.tomcat.TomcatWebServer          : Tomcat initialized with port 8080 (http)
2026-08-26T11:07:40.865+08:00  INFO 23128 --- [palm-lawyer-backend] [main] o.apache.catalina.core.StandardService   : Starting service [Tomcat]
2026-08-26T11:07:40.866+08:00  INFO 23128 --- [palm-lawyer-backend] [main] o.apache.catalina.core.StandardEngine    : Starting Servlet engine: [Apache Tomcat/11.0.24]
2026-08-26T11:07:40.919+08:00  INFO 23128 --- [palm-lawyer-backend] [main] b.w.c.s.WebApplicationContextInitializer : Root WebApplicationContext: initialization completed in 1070 ms
2026-08-26T11:07:40.922+08:00  INFO 23128 --- [palm-lawyer-backend] [main] com.palmlawyer.config.H2ConsoleConfig    : H2 控制台已注册: /h2-console
2026-08-26T11:07:40.973+08:00  INFO 23128 --- [palm-lawyer-backend] [main] c.p.s.infra.plugin.DomainPluginLoader    : 找到 1 个领域插件文件
2026-08-26T11:07:40.994+08:00  INFO 23128 --- [palm-lawyer-backend] [main] c.p.s.infra.plugin.DomainPluginLoader    : 已加载插件: LABOR (劳动纠纷)
2026-08-26T11:07:41.160+08:00 DEBUG 23128 --- [palm-lawyer-backend] [main] c.b.m.core.spi.CompatibleHelper          : Load compatibleSet: com.baomidou.mybatisplus.spring.spi.SpringCompatibleSet@77896335
2026-08-26T11:07:41.197+08:00 DEBUG 23128 --- [palm-lawyer-backend] [main] c.b.m.s.MybatisSqlSessionFactoryBean     : Property 'mapperLocations' was not specified.
2026-08-26T11:07:41.218+08:00  INFO 23128 --- [palm-lawyer-backend] [main] com.zaxxer.hikari.HikariDataSource       : HikariPool-1 - Starting...
2026-08-26T11:07:41.354+08:00  INFO 23128 --- [palm-lawyer-backend] [main] com.zaxxer.hikari.pool.HikariPool        : HikariPool-1 - Added connection conn0: url=jdbc:h2:mem:palm_lawyer user=SA
2026-08-26T11:07:41.356+08:00  INFO 23128 --- [palm-lawyer-backend] [main] com.zaxxer.hikari.HikariDataSource       : HikariPool-1 - Start completed.
2026-08-26T11:07:41.519+08:00  INFO 23128 --- [palm-lawyer-backend] [main] com.palmlawyer.config.LLMConfig          : 初始化 ChatModel: baseUrl=https://apihub.agnes-ai.com/v1, model=agnes-2.0-flash
2026-08-26T11:07:41.737+08:00  INFO 23128 --- [palm-lawyer-backend] [main] com.palmlawyer.config.LLMConfig          : ChatModel 初始化完成
2026-08-26T11:07:42.039+08:00  INFO 23128 --- [palm-lawyer-backend] [main] b.m.s.MybatisPlusApplicationContextAware : Register ApplicationContext instances org.springframework.boot.web.server.servlet.context.AnnotationConfigServletWebServerApplicationContext@636e8cc
2026-08-26T11:07:42.127+08:00  WARN 23128 --- [palm-lawyer-backend] [main] ConfigServletWebServerApplicationContext : Exception encountered during context initialization - cancelling refresh attempt: org.springframework.context.ApplicationContextException: Failed to start bean 'webServerStartStop'
2026-08-26T11:07:42.128+08:00  INFO 23128 --- [palm-lawyer-backend] [main] com.zaxxer.hikari.HikariDataSource       : HikariPool-1 - Shutdown initiated...
2026-08-26T11:07:42.129+08:00  INFO 23128 --- [palm-lawyer-backend] [main] com.zaxxer.hikari.HikariDataSource       : HikariPool-1 - Shutdown completed.
2026-08-26T11:07:42.138+08:00  INFO 23128 --- [palm-lawyer-backend] [main] .s.b.a.l.ConditionEvaluationReportLogger : 

Error starting ApplicationContext. To display the condition evaluation report re-run your application with 'debug' enabled.
2026-08-26T11:07:42.148+08:00 ERROR 23128 --- [palm-lawyer-backend] [main] o.s.b.d.LoggingFailureAnalysisReporter   : 

***************************
APPLICATION FAILED TO START
***************************

Description:

Web server failed to start. Port 8080 was already in use.

Action:

Identify and stop the process that's listening on port 8080 or configure this application to listen on another port.

2026-08-26T11:08:13.145+08:00  INFO 23056 --- [palm-lawyer-backend] [main] com.palmlawyer.PalmLawyerApplication     : Starting PalmLawyerApplication using Java 21.0.12.1 with PID 23056 (D:\ruanjian\zsls\backend\target\classes started by 77161 in D:\ruanjian\zsls\backend)
2026-08-26T11:08:13.148+08:00 DEBUG 23056 --- [palm-lawyer-backend] [main] com.palmlawyer.PalmLawyerApplication     : Running with Spring Boot v4.1.1, Spring v7.0.9
2026-08-26T11:08:13.149+08:00  INFO 23056 --- [palm-lawyer-backend] [main] com.palmlawyer.PalmLawyerApplication     : No active profile set, falling back to 1 default profile: "default"
2026-08-26T11:08:14.373+08:00  INFO 23056 --- [palm-lawyer-backend] [main] o.s.boot.tomcat.TomcatWebServer          : Tomcat initialized with port 8081 (http)
2026-08-26T11:08:14.388+08:00  INFO 23056 --- [palm-lawyer-backend] [main] o.apache.catalina.core.StandardService   : Starting service [Tomcat]
2026-08-26T11:08:14.388+08:00  INFO 23056 --- [palm-lawyer-backend] [main] o.apache.catalina.core.StandardEngine    : Starting Servlet engine: [Apache Tomcat/11.0.24]
2026-08-26T11:08:14.447+08:00  INFO 23056 --- [palm-lawyer-backend] [main] b.w.c.s.WebApplicationContextInitializer : Root WebApplicationContext: initialization completed in 1250 ms
2026-08-26T11:08:14.452+08:00  INFO 23056 --- [palm-lawyer-backend] [main] com.palmlawyer.config.H2ConsoleConfig    : H2 控制台已注册: /h2-console
2026-08-26T11:08:14.523+08:00  INFO 23056 --- [palm-lawyer-backend] [main] c.p.s.infra.plugin.DomainPluginLoader    : 找到 1 个领域插件文件
2026-08-26T11:08:14.548+08:00  INFO 23056 --- [palm-lawyer-backend] [main] c.p.s.infra.plugin.DomainPluginLoader    : 已加载插件: LABOR (劳动纠纷)
2026-08-26T11:08:14.739+08:00 DEBUG 23056 --- [palm-lawyer-backend] [main] c.b.m.core.spi.CompatibleHelper          : Load compatibleSet: com.baomidou.mybatisplus.spring.spi.SpringCompatibleSet@6fef75c6
2026-08-26T11:08:14.786+08:00 DEBUG 23056 --- [palm-lawyer-backend] [main] c.b.m.s.MybatisSqlSessionFactoryBean     : Property 'mapperLocations' was not specified.
2026-08-26T11:08:14.813+08:00  INFO 23056 --- [palm-lawyer-backend] [main] com.zaxxer.hikari.HikariDataSource       : HikariPool-1 - Starting...
2026-08-26T11:08:14.985+08:00  INFO 23056 --- [palm-lawyer-backend] [main] com.zaxxer.hikari.pool.HikariPool        : HikariPool-1 - Added connection conn0: url=jdbc:h2:mem:palm_lawyer user=SA
2026-08-26T11:08:14.987+08:00  INFO 23056 --- [palm-lawyer-backend] [main] com.zaxxer.hikari.HikariDataSource       : HikariPool-1 - Start completed.
2026-08-26T11:08:15.172+08:00  INFO 23056 --- [palm-lawyer-backend] [main] com.palmlawyer.config.LLMConfig          : 初始化 ChatModel: baseUrl=https://apihub.agnes-ai.com/v1, model=agnes-2.0-flash
2026-08-26T11:08:15.462+08:00  INFO 23056 --- [palm-lawyer-backend] [main] com.palmlawyer.config.LLMConfig          : ChatModel 初始化完成
2026-08-26T11:08:15.827+08:00  INFO 23056 --- [palm-lawyer-backend] [main] b.m.s.MybatisPlusApplicationContextAware : Register ApplicationContext instances org.springframework.boot.web.server.servlet.context.AnnotationConfigServletWebServerApplicationContext@1a6f5124
2026-08-26T11:08:15.958+08:00  INFO 23056 --- [palm-lawyer-backend] [main] o.s.boot.tomcat.TomcatWebServer          : Tomcat started on port 8081 (http) with context path '/api/v1'
2026-08-26T11:08:15.964+08:00  INFO 23056 --- [palm-lawyer-backend] [main] com.palmlawyer.PalmLawyerApplication     : Started PalmLawyerApplication in 3.297 seconds (process running for 3.95)
2026-08-26T11:08:25.939+08:00  INFO 23056 --- [palm-lawyer-backend] [http-nio-8081-exec-1] o.a.c.c.C.[.[localhost].[/api/v1]        : Initializing Spring DispatcherServlet 'dispatcherServlet'
2026-08-26T11:08:25.939+08:00  INFO 23056 --- [palm-lawyer-backend] [http-nio-8081-exec-1] o.s.web.servlet.DispatcherServlet        : Initializing Servlet 'dispatcherServlet'
2026-08-26T11:08:25.941+08:00  INFO 23056 --- [palm-lawyer-backend] [http-nio-8081-exec-1] o.s.web.servlet.DispatcherServlet        : Completed initialization in 2 ms
2026-08-26T11:10:30.856+08:00  INFO 23056 --- [palm-lawyer-backend] [SpringApplicationShutdownHook] o.s.boot.tomcat.GracefulShutdown         : Commencing graceful shutdown. Waiting for active requests to complete
2026-08-26T11:10:30.861+08:00  INFO 23056 --- [palm-lawyer-backend] [tomcat-shutdown] o.s.boot.tomcat.GracefulShutdown         : Graceful shutdown complete
2026-08-26T11:10:30.863+08:00  INFO 23056 --- [palm-lawyer-backend] [SpringApplicationShutdownHook] com.zaxxer.hikari.HikariDataSource       : HikariPool-1 - Shutdown initiated...
2026-08-26T11:10:30.865+08:00  INFO 23056 --- [palm-lawyer-backend] [SpringApplicationShutdownHook] com.zaxxer.hikari.HikariDataSource       : HikariPool-1 - Shutdown completed.
2026-08-26T11:10:33.287+08:00  INFO 15900 --- [palm-lawyer-backend] [main] com.palmlawyer.PalmLawyerApplication     : Starting PalmLawyerApplication using Java 21.0.12.1 with PID 15900 (D:\ruanjian\zsls\backend\target\classes started by 77161 in D:\ruanjian\zsls\backend)
2026-08-26T11:10:33.290+08:00 DEBUG 15900 --- [palm-lawyer-backend] [main] com.palmlawyer.PalmLawyerApplication     : Running with Spring Boot v4.1.1, Spring v7.0.9
2026-08-26T11:10:33.291+08:00  INFO 15900 --- [palm-lawyer-backend] [main] com.palmlawyer.PalmLawyerApplication     : No active profile set, falling back to 1 default profile: "default"
2026-08-26T11:10:34.415+08:00  INFO 15900 --- [palm-lawyer-backend] [main] o.s.boot.tomcat.TomcatWebServer          : Tomcat initialized with port 8080 (http)
2026-08-26T11:10:34.428+08:00  INFO 15900 --- [palm-lawyer-backend] [main] o.apache.catalina.core.StandardService   : Starting service [Tomcat]
2026-08-26T11:10:34.428+08:00  INFO 15900 --- [palm-lawyer-backend] [main] o.apache.catalina.core.StandardEngine    : Starting Servlet engine: [Apache Tomcat/11.0.24]
2026-08-26T11:10:34.483+08:00  INFO 15900 --- [palm-lawyer-backend] [main] b.w.c.s.WebApplicationContextInitializer : Root WebApplicationContext: initialization completed in 1140 ms
2026-08-26T11:10:34.487+08:00  INFO 15900 --- [palm-lawyer-backend] [main] com.palmlawyer.config.H2ConsoleConfig    : H2 控制台已注册: /h2-console
2026-08-26T11:10:34.552+08:00  INFO 15900 --- [palm-lawyer-backend] [main] c.p.s.infra.plugin.DomainPluginLoader    : 找到 1 个领域插件文件
2026-08-26T11:10:34.574+08:00  INFO 15900 --- [palm-lawyer-backend] [main] c.p.s.infra.plugin.DomainPluginLoader    : 已加载插件: LABOR (劳动纠纷)
2026-08-26T11:10:34.744+08:00 DEBUG 15900 --- [palm-lawyer-backend] [main] c.b.m.core.spi.CompatibleHelper          : Load compatibleSet: com.baomidou.mybatisplus.spring.spi.SpringCompatibleSet@2fac80a8
2026-08-26T11:10:34.782+08:00 DEBUG 15900 --- [palm-lawyer-backend] [main] c.b.m.s.MybatisSqlSessionFactoryBean     : Property 'mapperLocations' was not specified.
2026-08-26T11:10:34.807+08:00  INFO 15900 --- [palm-lawyer-backend] [main] com.zaxxer.hikari.HikariDataSource       : HikariPool-1 - Starting...
2026-08-26T11:10:34.967+08:00  INFO 15900 --- [palm-lawyer-backend] [main] com.zaxxer.hikari.pool.HikariPool        : HikariPool-1 - Added connection conn0: url=jdbc:h2:mem:palm_lawyer user=SA
2026-08-26T11:10:34.969+08:00  INFO 15900 --- [palm-lawyer-backend] [main] com.zaxxer.hikari.HikariDataSource       : HikariPool-1 - Start completed.
2026-08-26T11:10:35.148+08:00  INFO 15900 --- [palm-lawyer-backend] [main] com.palmlawyer.config.LLMConfig          : 初始化 ChatModel: baseUrl=https://apihub.agnes-ai.com/v1, model=agnes-2.0-flash
2026-08-26T11:10:35.424+08:00  INFO 15900 --- [palm-lawyer-backend] [main] com.palmlawyer.config.LLMConfig          : ChatModel 初始化完成
2026-08-26T11:10:35.783+08:00  INFO 15900 --- [palm-lawyer-backend] [main] b.m.s.MybatisPlusApplicationContextAware : Register ApplicationContext instances org.springframework.boot.web.server.servlet.context.AnnotationConfigServletWebServerApplicationContext@29539e36
2026-08-26T11:10:35.888+08:00  WARN 15900 --- [palm-lawyer-backend] [main] ConfigServletWebServerApplicationContext : Exception encountered during context initialization - cancelling refresh attempt: org.springframework.context.ApplicationContextException: Failed to start bean 'webServerStartStop'
2026-08-26T11:10:35.889+08:00  INFO 15900 --- [palm-lawyer-backend] [main] com.zaxxer.hikari.HikariDataSource       : HikariPool-1 - Shutdown initiated...
2026-08-26T11:10:35.891+08:00  INFO 15900 --- [palm-lawyer-backend] [main] com.zaxxer.hikari.HikariDataSource       : HikariPool-1 - Shutdown completed.
2026-08-26T11:10:35.902+08:00  INFO 15900 --- [palm-lawyer-backend] [main] .s.b.a.l.ConditionEvaluationReportLogger : 

Error starting ApplicationContext. To display the condition evaluation report re-run your application with 'debug' enabled.
2026-08-26T11:10:35.914+08:00 ERROR 15900 --- [palm-lawyer-backend] [main] o.s.b.d.LoggingFailureAnalysisReporter   : 

***************************
APPLICATION FAILED TO START
***************************

Description:

Web server failed to start. Port 8080 was already in use.

Action:

Identify and stop the process that's listening on port 8080 or configure this application to listen on another port.

2026-08-26T14:37:03.924+08:00  INFO 5400 --- [palm-lawyer-backend] [main] com.palmlawyer.PalmLawyerApplication     : Starting PalmLawyerApplication using Java 21.0.12.1 with PID 5400 (D:\ruanjian\zsls\backend\target\classes started by 77161 in D:\ruanjian\zsls\backend)
2026-08-26T14:37:03.928+08:00 DEBUG 5400 --- [palm-lawyer-backend] [main] com.palmlawyer.PalmLawyerApplication     : Running with Spring Boot v4.1.1, Spring v7.0.9
2026-08-26T14:37:03.929+08:00  INFO 5400 --- [palm-lawyer-backend] [main] com.palmlawyer.PalmLawyerApplication     : No active profile set, falling back to 1 default profile: "default"
2026-08-26T14:37:05.111+08:00  INFO 5400 --- [palm-lawyer-backend] [main] o.s.boot.tomcat.TomcatWebServer          : Tomcat initialized with port 8080 (http)
2026-08-26T14:37:05.126+08:00  INFO 5400 --- [palm-lawyer-backend] [main] o.apache.catalina.core.StandardService   : Starting service [Tomcat]
2026-08-26T14:37:05.126+08:00  INFO 5400 --- [palm-lawyer-backend] [main] o.apache.catalina.core.StandardEngine    : Starting Servlet engine: [Apache Tomcat/11.0.24]
2026-08-26T14:37:05.194+08:00  INFO 5400 --- [palm-lawyer-backend] [main] b.w.c.s.WebApplicationContextInitializer : Root WebApplicationContext: initialization completed in 1214 ms
2026-08-26T14:37:05.198+08:00  INFO 5400 --- [palm-lawyer-backend] [main] com.palmlawyer.config.H2ConsoleConfig    : H2 控制台已注册: /h2-console
2026-08-26T14:37:05.263+08:00  INFO 5400 --- [palm-lawyer-backend] [main] c.p.s.infra.plugin.DomainPluginLoader    : 找到 1 个领域插件文件
2026-08-26T14:37:05.289+08:00  INFO 5400 --- [palm-lawyer-backend] [main] c.p.s.infra.plugin.DomainPluginLoader    : 已加载插件: LABOR (劳动纠纷)
2026-08-26T14:37:05.474+08:00 DEBUG 5400 --- [palm-lawyer-backend] [main] c.b.m.core.spi.CompatibleHelper          : Load compatibleSet: com.baomidou.mybatisplus.spring.spi.SpringCompatibleSet@3d8d970e
2026-08-26T14:37:05.514+08:00 DEBUG 5400 --- [palm-lawyer-backend] [main] c.b.m.s.MybatisSqlSessionFactoryBean     : Property 'mapperLocations' was not specified.
2026-08-26T14:37:05.541+08:00  INFO 5400 --- [palm-lawyer-backend] [main] com.zaxxer.hikari.HikariDataSource       : HikariPool-1 - Starting...
2026-08-26T14:37:05.700+08:00  INFO 5400 --- [palm-lawyer-backend] [main] com.zaxxer.hikari.pool.HikariPool        : HikariPool-1 - Added connection conn0: url=jdbc:h2:mem:palm_lawyer user=SA
2026-08-26T14:37:05.702+08:00  INFO 5400 --- [palm-lawyer-backend] [main] com.zaxxer.hikari.HikariDataSource       : HikariPool-1 - Start completed.
2026-08-26T14:37:05.879+08:00  INFO 5400 --- [palm-lawyer-backend] [main] com.palmlawyer.config.LLMConfig          : 初始化 ChatModel: baseUrl=https://apihub.agnes-ai.com/v1, model=agnes-2.0-flash
2026-08-26T14:37:06.213+08:00  INFO 5400 --- [palm-lawyer-backend] [main] com.palmlawyer.config.LLMConfig          : ChatModel 初始化完成
2026-08-26T14:37:06.582+08:00  INFO 5400 --- [palm-lawyer-backend] [main] b.m.s.MybatisPlusApplicationContextAware : Register ApplicationContext instances org.springframework.boot.web.server.servlet.context.AnnotationConfigServletWebServerApplicationContext@29539e36
2026-08-26T14:37:06.684+08:00  WARN 5400 --- [palm-lawyer-backend] [main] ConfigServletWebServerApplicationContext : Exception encountered during context initialization - cancelling refresh attempt: org.springframework.context.ApplicationContextException: Failed to start bean 'webServerStartStop'
2026-08-26T14:37:06.686+08:00  INFO 5400 --- [palm-lawyer-backend] [main] com.zaxxer.hikari.HikariDataSource       : HikariPool-1 - Shutdown initiated...
2026-08-26T14:37:06.687+08:00  INFO 5400 --- [palm-lawyer-backend] [main] com.zaxxer.hikari.HikariDataSource       : HikariPool-1 - Shutdown completed.
2026-08-26T14:37:06.697+08:00  INFO 5400 --- [palm-lawyer-backend] [main] .s.b.a.l.ConditionEvaluationReportLogger : 

Error starting ApplicationContext. To display the condition evaluation report re-run your application with 'debug' enabled.
2026-08-26T14:37:06.708+08:00 ERROR 5400 --- [palm-lawyer-backend] [main] o.s.b.d.LoggingFailureAnalysisReporter   : 

***************************
APPLICATION FAILED TO START
***************************

Description:

Web server failed to start. Port 8080 was already in use.

Action:

Identify and stop the process that's listening on port 8080 or configure this application to listen on another port.

2026-08-26T14:37:45.886+08:00  INFO 23428 --- [palm-lawyer-backend] [main] com.palmlawyer.PalmLawyerApplication     : Starting PalmLawyerApplication using Java 21.0.12.1 with PID 23428 (D:\ruanjian\zsls\backend\target\classes started by 77161 in D:\ruanjian\zsls\backend)
2026-08-26T14:37:45.889+08:00 DEBUG 23428 --- [palm-lawyer-backend] [main] com.palmlawyer.PalmLawyerApplication     : Running with Spring Boot v4.1.1, Spring v7.0.9
2026-08-26T14:37:45.889+08:00  INFO 23428 --- [palm-lawyer-backend] [main] com.palmlawyer.PalmLawyerApplication     : No active profile set, falling back to 1 default profile: "default"
2026-08-26T14:37:46.994+08:00  INFO 23428 --- [palm-lawyer-backend] [main] o.s.boot.tomcat.TomcatWebServer          : Tomcat initialized with port 8080 (http)
2026-08-26T14:37:47.008+08:00  INFO 23428 --- [palm-lawyer-backend] [main] o.apache.catalina.core.StandardService   : Starting service [Tomcat]
2026-08-26T14:37:47.008+08:00  INFO 23428 --- [palm-lawyer-backend] [main] o.apache.catalina.core.StandardEngine    : Starting Servlet engine: [Apache Tomcat/11.0.24]
2026-08-26T14:37:47.063+08:00  INFO 23428 --- [palm-lawyer-backend] [main] b.w.c.s.WebApplicationContextInitializer : Root WebApplicationContext: initialization completed in 1124 ms
2026-08-26T14:37:47.068+08:00  INFO 23428 --- [palm-lawyer-backend] [main] com.palmlawyer.config.H2ConsoleConfig    : H2 控制台已注册: /h2-console
2026-08-26T14:37:47.127+08:00  INFO 23428 --- [palm-lawyer-backend] [main] c.p.s.infra.plugin.DomainPluginLoader    : 找到 1 个领域插件文件
2026-08-26T14:37:47.153+08:00  INFO 23428 --- [palm-lawyer-backend] [main] c.p.s.infra.plugin.DomainPluginLoader    : 已加载插件: LABOR (劳动纠纷)
2026-08-26T14:37:47.315+08:00 DEBUG 23428 --- [palm-lawyer-backend] [main] c.b.m.core.spi.CompatibleHelper          : Load compatibleSet: com.baomidou.mybatisplus.spring.spi.SpringCompatibleSet@334540a0
2026-08-26T14:37:47.356+08:00 DEBUG 23428 --- [palm-lawyer-backend] [main] c.b.m.s.MybatisSqlSessionFactoryBean     : Property 'mapperLocations' was not specified.
2026-08-26T14:37:47.379+08:00  INFO 23428 --- [palm-lawyer-backend] [main] com.zaxxer.hikari.HikariDataSource       : HikariPool-1 - Starting...
2026-08-26T14:37:47.533+08:00  INFO 23428 --- [palm-lawyer-backend] [main] com.zaxxer.hikari.pool.HikariPool        : HikariPool-1 - Added connection conn0: url=jdbc:h2:mem:palm_lawyer user=SA
2026-08-26T14:37:47.535+08:00  INFO 23428 --- [palm-lawyer-backend] [main] com.zaxxer.hikari.HikariDataSource       : HikariPool-1 - Start completed.
2026-08-26T14:37:47.713+08:00  INFO 23428 --- [palm-lawyer-backend] [main] com.palmlawyer.config.LLMConfig          : 初始化 ChatModel: baseUrl=https://apihub.agnes-ai.com/v1, model=agnes-2.0-flash
2026-08-26T14:37:47.975+08:00  INFO 23428 --- [palm-lawyer-backend] [main] com.palmlawyer.config.LLMConfig          : ChatModel 初始化完成
2026-08-26T14:37:48.327+08:00  INFO 23428 --- [palm-lawyer-backend] [main] b.m.s.MybatisPlusApplicationContextAware : Register ApplicationContext instances org.springframework.boot.web.server.servlet.context.AnnotationConfigServletWebServerApplicationContext@32f61a31
2026-08-26T14:37:48.455+08:00  INFO 23428 --- [palm-lawyer-backend] [main] o.s.boot.tomcat.TomcatWebServer          : Tomcat started on port 8080 (http) with context path '/api/v1'
2026-08-26T14:37:48.462+08:00  INFO 23428 --- [palm-lawyer-backend] [main] com.palmlawyer.PalmLawyerApplication     : Started PalmLawyerApplication in 3.037 seconds (process running for 3.489)
2026-08-26T14:37:50.252+08:00  INFO 23428 --- [palm-lawyer-backend] [http-nio-8080-exec-2] o.a.c.c.C.[.[localhost].[/api/v1]        : Initializing Spring DispatcherServlet 'dispatcherServlet'
2026-08-26T14:37:50.252+08:00  INFO 23428 --- [palm-lawyer-backend] [http-nio-8080-exec-2] o.s.web.servlet.DispatcherServlet        : Initializing Servlet 'dispatcherServlet'
2026-08-26T14:37:50.253+08:00  INFO 23428 --- [palm-lawyer-backend] [http-nio-8080-exec-2] o.s.web.servlet.DispatcherServlet        : Completed initialization in 1 ms
2026-08-26T14:40:44.611+08:00  INFO 23428 --- [palm-lawyer-backend] [SpringApplicationShutdownHook] o.s.boot.tomcat.GracefulShutdown         : Commencing graceful shutdown. Waiting for active requests to complete
2026-08-26T14:40:44.616+08:00  INFO 23428 --- [palm-lawyer-backend] [tomcat-shutdown] o.s.boot.tomcat.GracefulShutdown         : Graceful shutdown complete
2026-08-26T14:40:44.618+08:00  INFO 23428 --- [palm-lawyer-backend] [SpringApplicationShutdownHook] com.zaxxer.hikari.HikariDataSource       : HikariPool-1 - Shutdown initiated...
2026-08-26T14:40:44.620+08:00  INFO 23428 --- [palm-lawyer-backend] [SpringApplicationShutdownHook] com.zaxxer.hikari.HikariDataSource       : HikariPool-1 - Shutdown completed.
2026-08-26T14:40:47.322+08:00  INFO 21344 --- [palm-lawyer-backend] [main] com.palmlawyer.PalmLawyerApplication     : Starting PalmLawyerApplication using Java 21.0.12.1 with PID 21344 (D:\ruanjian\zsls\backend\target\classes started by 77161 in D:\ruanjian\zsls\backend)
2026-08-26T14:40:47.325+08:00 DEBUG 21344 --- [palm-lawyer-backend] [main] com.palmlawyer.PalmLawyerApplication     : Running with Spring Boot v4.1.1, Spring v7.0.9
2026-08-26T14:40:47.326+08:00  INFO 21344 --- [palm-lawyer-backend] [main] com.palmlawyer.PalmLawyerApplication     : No active profile set, falling back to 1 default profile: "default"
2026-08-26T14:40:48.514+08:00  INFO 21344 --- [palm-lawyer-backend] [main] o.s.boot.tomcat.TomcatWebServer          : Tomcat initialized with port 8080 (http)
2026-08-26T14:40:48.526+08:00  INFO 21344 --- [palm-lawyer-backend] [main] o.apache.catalina.core.StandardService   : Starting service [Tomcat]
2026-08-26T14:40:48.526+08:00  INFO 21344 --- [palm-lawyer-backend] [main] o.apache.catalina.core.StandardEngine    : Starting Servlet engine: [Apache Tomcat/11.0.24]
2026-08-26T14:40:48.580+08:00  INFO 21344 --- [palm-lawyer-backend] [main] b.w.c.s.WebApplicationContextInitializer : Root WebApplicationContext: initialization completed in 1198 ms
2026-08-26T14:40:48.584+08:00  INFO 21344 --- [palm-lawyer-backend] [main] com.palmlawyer.config.H2ConsoleConfig    : H2 控制台已注册: /h2-console
2026-08-26T14:40:48.646+08:00  INFO 21344 --- [palm-lawyer-backend] [main] c.p.s.infra.plugin.DomainPluginLoader    : 找到 1 个领域插件文件
2026-08-26T14:40:48.675+08:00  INFO 21344 --- [palm-lawyer-backend] [main] c.p.s.infra.plugin.DomainPluginLoader    : 已加载插件: LABOR (劳动纠纷)
2026-08-26T14:40:48.859+08:00 DEBUG 21344 --- [palm-lawyer-backend] [main] c.b.m.core.spi.CompatibleHelper          : Load compatibleSet: com.baomidou.mybatisplus.spring.spi.SpringCompatibleSet@27bb4dc5
2026-08-26T14:40:48.900+08:00 DEBUG 21344 --- [palm-lawyer-backend] [main] c.b.m.s.MybatisSqlSessionFactoryBean     : Property 'mapperLocations' was not specified.
2026-08-26T14:40:48.925+08:00  INFO 21344 --- [palm-lawyer-backend] [main] com.zaxxer.hikari.HikariDataSource       : HikariPool-1 - Starting...
2026-08-26T14:40:49.094+08:00  INFO 21344 --- [palm-lawyer-backend] [main] com.zaxxer.hikari.pool.HikariPool        : HikariPool-1 - Added connection conn0: url=jdbc:h2:mem:palm_lawyer user=SA
2026-08-26T14:40:49.096+08:00  INFO 21344 --- [palm-lawyer-backend] [main] com.zaxxer.hikari.HikariDataSource       : HikariPool-1 - Start completed.
2026-08-26T14:40:49.307+08:00  INFO 21344 --- [palm-lawyer-backend] [main] com.palmlawyer.config.LLMConfig          : 初始化 ChatModel: baseUrl=https://apihub.agnes-ai.com/v1, model=agnes-2.0-flash
2026-08-26T14:40:49.615+08:00  INFO 21344 --- [palm-lawyer-backend] [main] com.palmlawyer.config.LLMConfig          : ChatModel 初始化完成
2026-08-26T14:40:49.977+08:00  INFO 21344 --- [palm-lawyer-backend] [main] b.m.s.MybatisPlusApplicationContextAware : Register ApplicationContext instances org.springframework.boot.web.server.servlet.context.AnnotationConfigServletWebServerApplicationContext@6cc0bcf6
2026-08-26T14:40:50.099+08:00  INFO 21344 --- [palm-lawyer-backend] [main] o.s.boot.tomcat.TomcatWebServer          : Tomcat started on port 8080 (http) with context path '/api/v1'
2026-08-26T14:40:50.106+08:00  INFO 21344 --- [palm-lawyer-backend] [main] com.palmlawyer.PalmLawyerApplication     : Started PalmLawyerApplication in 3.255 seconds (process running for 3.72)
2026-08-26T15:32:13.847+08:00  INFO 21344 --- [palm-lawyer-backend] [SpringApplicationShutdownHook] o.s.boot.tomcat.GracefulShutdown         : Commencing graceful shutdown. Waiting for active requests to complete
2026-08-26T15:32:13.856+08:00  INFO 21344 --- [palm-lawyer-backend] [tomcat-shutdown] o.s.boot.tomcat.GracefulShutdown         : Graceful shutdown complete
2026-08-26T15:32:13.860+08:00  INFO 21344 --- [palm-lawyer-backend] [SpringApplicationShutdownHook] com.zaxxer.hikari.HikariDataSource       : HikariPool-1 - Shutdown initiated...
2026-08-26T15:32:13.861+08:00  INFO 21344 --- [palm-lawyer-backend] [SpringApplicationShutdownHook] com.zaxxer.hikari.HikariDataSource       : HikariPool-1 - Shutdown completed.
